day,rows,psi_dep_hour,psi_arr_hour,psi_distance,psi_sched_minutes,psi_origin_hour_load,psi_dest_hour_load,psi_carrier,psi_origin,psi_dest,null_increase,out_of_range,unseen_category,route_distance_mismatch,psi_score,psi_max_feature,worst_feature,auc,disrupted_rate
2019-01-07,6629,0.003663581621131584,0.001919994829839977,0.007955150135591026,0.009759658862892099,0.010054468598081942,0.014367025274400216,0.01852556994655096,0.00889544722481798,0.005942064142185016,0.0,0.00027656257856891435,0.0006034092623321768,0.0,0.10579161526593688,0.01852556994655096,carrier,0.6123350766284356,0.19595715794237442
2019-01-08,6724,0.003021258592686092,0.0023135678651430773,0.005504433648678221,0.00805270057788025,0.00840669989628631,0.011064157292488155,0.0165401355849459,0.0076754740980749985,0.0043649481117530396,0.000148720999405116,0.000347015665278604,0.000594883997620464,0.0,0.0779070079989584,0.0165401355849459,carrier,0.6173353932301608,0.18292682926829268
2019-01-09,6708,0.0021233336531533966,0.0024586081888370056,0.004067504226943786,0.009253109027341062,0.005570375175663613,0.011519037005426778,0.012497305633798247,0.005041085771483629,0.004627312937008829,0.0004472271914132379,0.0003975352812562115,0.0008944543828264759,0.0,0.016514738539300966,0.012497305633798247,carrier,0.6191267944703752,0.15966010733452593
2019-01-10,6783,0.001770456737485513,0.0029782599171997264,0.003378885218480859,0.0093182522027596,0.005061329422880565,0.008840431858953635,0.013104500586008816,0.006043233383339394,0.005097200384537474,0.0005897095680377414,0.0005405671040345963,0.0008845643520566122,0.0,0.017322563509904465,0.013104500586008816,carrier,0.6353027996863614,0.16054842989827509
2019-01-11,6802,0.0015200099236226485,0.004404908576267218,0.0026222169831971506,0.007898714220823552,0.005696522418659139,0.009741720511927907,0.013611315851501776,0.007262785647006158,0.00529527245309659,0.0008820935019112026,0.0005635597373321572,0.0011761246692149367,0.0,0.15571118029972664,0.013611315851501776,carrier,0.651028324297757,0.16730373419582475
2019-01-12,6714,0.0016958077162598788,0.0039364693285015755,0.0020667729029276542,0.007292107630074407,0.005533993853282702,0.00903801419427184,0.01467603504417744,0.006621070742582813,0.007485048912743309,0.0008936550491510277,0.0005212987786714328,0.0010425975573428656,0.0,0.189257653805799,0.01467603504417744,carrier,0.6439565325983856,0.16577301161751565
2019-01-13,6627,0.0014960006699547654,0.004259256773186112,0.0018482981462557692,0.005912229479156887,0.006177634654284986,0.005779606498725704,0.014701020272400169,0.0069128398803260166,0.007004281689447158,0.0009053870529651426,0.0006035913686434284,0.0012071827372868568,0.0,0.14009740854006772,0.014701020272400169,carrier,0.6334172004206912,0.1582918364267391
2019-01-14,6665,0.0013474768672439897,0.003528000089069301,0.0014138106328243803,0.006298643431470022,0.005294851884064231,0.006474554655263834,0.014681980967214146,0.007683161351277307,0.0056567270600643375,0.000900225056264066,0.000625156289072268,0.0015003750937734434,0.0,0.13529166967529999,0.014681980967214146,carrier,0.6340406837606838,0.15603900975243812
2019-01-15,6623,0.0010963108107581712,0.0034269019786857436,0.001993394879722366,0.006152271940214198,0.007125395994235222,0.008155717776144667,0.013644358326692325,0.008258626342634237,0.007430517219255992,0.0009059338668277216,0.0005536262519502743,0.0015098897780462027,0.0,0.13815275011455289,0.013644358326692325,carrier,0.6393027204563436,0.16261512909557602
2019-01-16,6534,0.0010263854340733054,0.003706989706628815,0.0015112866237545974,0.0064085902291095625,0.007385995649668154,0.009121471990116373,0.014499446704263085,0.008138374390330275,0.008040268189466996,0.0006121824303642485,0.00048464442403836345,0.001224364860728497,0.0,0.11919402434191181,0.014499446704263085,carrier,0.630783322563311,0.16880930517294154
2019-01-17,6485,0.0015324284017252028,0.003332930310013293,0.001435445400738003,0.005203793456420094,0.005963883565374296,0.00939156040399327,0.013651026864592453,0.005759444845618301,0.010263834537638121,0.0006168080185042405,0.0004112053456694937,0.001233616037008481,0.0,0.06676741767947308,0.013651026864592453,carrier,0.6187115050559855,0.1736314572089437
2019-01-18,6462,0.0022272929159566097,0.004444954419890029,0.0010759682047638231,0.004344614852132035,0.00594855380989069,0.007802820894156612,0.012739869165037394,0.005643549411148036,0.009027137746896074,0.00030950170225936243,0.0003610853193025895,0.001392757660167131,0.0,0.01164342881407233,0.012739869165037394,carrier,0.6315942586018142,0.18245125348189414
2019-01-19,6453,0.0028242155093769162,0.005366269670481818,0.0013135113821861493,0.004463007900408387,0.005659882656358013,0.008773160039028175,0.013772616664051725,0.007161918043062009,0.009318086618250829,0.0003099333643266698,0.00038741670540833723,0.001549666821633349,0.0,0.04115447395913747,0.013772616664051725,carrier,0.6293375598535248,0.19308848597551526
2019-01-20,6387,0.002702501165948788,0.005052864584519301,0.0012525131576866214,0.003903402165030307,0.006962660301815447,0.0150330971242784,0.012135357495079437,0.008625600469346467,0.010087528517231097,0.0003131360576170346,0.0002870413861489484,0.001565680288085173,0.0,0.02322749600860237,0.0150330971242784,dest_hour_load,0.6288215010178628,0.20479098168154064
2019-01-21,6334,0.0032581788212574306,0.00605918739604101,0.0014231994631402178,0.0033397702957369893,0.009351985418056923,0.013585862370449269,0.011535908303251005,0.006895579706960594,0.007988107482001785,0.00031575623618566466,0.0002368171771392485,0.001420903062835491,0.0,0.02433720593230324,0.013585862370449269,dest_hour_load,0.6366312630204937,0.22766024628986423
2019-01-22,6308,0.00285817019895875,0.005399441501193412,0.0015249404053823423,0.003361216977410999,0.007715184939093551,0.011102584428577998,0.012413910169380867,0.007729160727965944,0.0074577786536992536,0.0001585288522511097,0.00023779327837666455,0.0014267596702599874,0.0,0.058284991501389605,0.012413910169380867,carrier,0.6323863238129804,0.2450856055802156
2019-01-23,6387,0.002218481736032951,0.004680495823223652,0.0016807034524887886,0.002985708848234422,0.007275015039482103,0.012023671918765532,0.011996902537857294,0.008949493048919045,0.006349321848080587,0.0003131360576170346,0.0003131360576170346,0.0017222483168936903,0.0,0.15991881562939653,0.012023671918765532,dest_hour_load,0.6366706470446934,0.27101925786754344
2019-01-24,6402,0.001355474287719964,0.004295726967368236,0.002096158672649015,0.0035951318820930294,0.006916485473317377,0.011403339342804792,0.013275031847700569,0.009452248396501994,0.006166386993307618,0.00015620118712902218,0.00031240237425804435,0.001718213058419244,0.0,0.2375414422692232,0.013275031847700569,carrier,0.6439259077120928,0.28834739144017496
2019-01-25,6390,0.001612690031417852,0.0036954646959828532,0.0023468767289131715,0.0042998826265775265,0.007078488886942766,0.010448700585410621,0.013568082565915913,0.007788770389081496,0.004619812420184682,0.00015649452269170578,0.0002608242044861763,0.0012519561815336462,0.0,0.14470003058945416,0.013568082565915913,carrier,0.6556045444084428,0.28826291079812205
2019-01-26,6403,0.0015116784538213076,0.0028826230781017065,0.003303006928985665,0.004445423989255671,0.008041671451500886,0.010573931757359567,0.013840756540375965,0.007144114840278399,0.004568028378304201,0.00015617679212868969,0.00036441251496694256,0.0012494143370295175,0.0,0.12258934301348381,0.013840756540375965,carrier,0.6702821719060426,0.27424644697797906
2019-01-27,6502,0.0008983520470438188,0.0030733081347918295,0.002278108190989656,0.004877507407796699,0.006716312300036281,0.005403188311483752,0.01423332159947558,0.0056904606553295125,0.005035429194851842,0.00015379883112888343,0.00048702963190813084,0.0009227929867733005,0.0,0.18154607736212153,0.01423332159947558,carrier,0.6761146062981784,0.262534604737004
2019-01-28,6508,0.0007890962489112169,0.002381886626594892,0.0018505357706989395,0.006135752986231792,0.007864428451553182,0.005986018131972168,0.013707038857393144,0.007020988798794847,0.005975506701888165,0.00015365703749231714,0.0006658471624667076,0.0006146281499692685,0.0,0.11689942669303538,0.013707038857393144,carrier,0.6773500278112745,0.2546097111247695
2019-01-29,6491,0.001318396624142684,0.0037321065376279723,0.0017638759620484746,0.005207181393666386,0.007172791392014627,0.006411451342015297,0.013963042728642301,0.007541595830566614,0.0058247777556713,0.00015405946695424435,0.0007189441791198069,0.0010784162686797104,0.0,0.04147083520834076,0.013963042728642301,carrier,0.6840004172200556,0.24017870898166693
2019-01-30,6496,0.0015680347691325437,0.004855143004012914,0.0019087845909241748,0.005193759213392236,0.0067292263134283384,0.005973671273860463,0.015326606605808904,0.0064563904603778775,0.006409339810274186,0.0,0.0006414203612479474,0.0006157635467980296,0.0,0.00468241087622044,0.015326606605808904,carrier,0.6510951911279403,0.23399014778325122
2019-01-31,6489,0.0017156618206257503,0.00517374913351392,0.002677787237322704,0.0051823846782910795,0.00745799374502772,0.006360900958827655,0.017036863617848796,0.005749331013318967,0.006912831996942962,0.0,0.000719165767709457,0.0009246417013407304,0.0,0.08976271196309388,0.017036863617848796,carrier,0.5957544202205555,0.23270149483741717
2019-02-01,6493,0.0017455743673430754,0.005263826832908519,0.00259611962636443,0.00531542244295319,0.007852617003722655,0.00690258848496177,0.017201052791181056,0.006917676095685476,0.007726885529226261,0.0,0.0007443913958622106,0.0012320961034960726,0.0,0.07353571550779468,0.017201052791181056,carrier,0.585442303789679,0.237640535961805
2019-02-02,6517,0.0018801893090139863,0.006309526088593871,0.00273704063817991,0.005037915093654024,0.00660864346163026,0.008142247411640735,0.016401310858851027,0.010155574406405065,0.007025541837519181,0.0,0.0006649276251854125,0.0012275586926499924,0.0,0.04437282952984434,0.016401310858851027,carrier,0.5683943463938543,0.24336351081786098
2019-02-03,6415,0.003366650524771878,0.006459280156970798,0.0021410679817547157,0.0052383186835254164,0.0076082470554339095,0.009932073099343233,0.017939694988095105,0.01049617922331462,0.008443657112143142,0.0,0.0005455962587685113,0.0014029618082618861,0.0,0.03730941664322363,0.017939694988095105,carrier,0.5543205221752857,0.23398285268901015
2019-02-04,6436,0.0046898151707447655,0.007637685684127008,0.0025121732583307005,0.0032244266155296375,0.0060283323884523145,0.009422342769390135,0.018246578362568305,0.009582434031215914,0.007377705796342217,0.0,0.0003884400248601616,0.0015537600994406464,0.0,0.041076601938163364,0.018246578362568305,carrier,0.5397948411880665,0.2240522063393412
2019-02-05,6405,0.002792554272492645,0.004446912671765836,0.0017511806040952029,0.0038294702283797923,0.0050483495074717735,0.008593330021101839,0.019208625656948527,0.008585747170336925,0.0068570452607544935,0.0,0.00036429872495446266,0.001092896174863388,0.0,0.035182878010862714,0.019208625656948527,carrier,0.5257790700166249,0.22232630757220923
2019-02-06,6394,0.0040365176195629685,0.004321953445871745,0.0016016329650633378,0.005003107569580866,0.0049802370460168555,0.007745403866726916,0.019157568385634014,0.007382929882420832,0.009694542646573682,0.0,0.00036492545094359295,0.0012511729746637473,0.0,0.008590257738370854,0.019157568385634014,carrier,0.5069890606842652,0.20910228339067877
2019-02-07,6437,0.006005888807216367,0.0069000878461277105,0.0019317357382017284,0.005044181888743254,0.00533683216811773,0.007765846772960138,0.019608255378206298,0.005895013364435602,0.009541077713825886,0.0,0.00018124385065506707,0.0015535187199005747,0.0,0.027231476740323536,0.019608255378206298,carrier,0.5505905348329537,0.2045984154109057
2019-02-08,6512,0.005668115656872265,0.007027810151109289,0.001283909666548169,0.004515399563138534,0.0059472842314509874,0.00915765916693935,0.0199464073516835,0.0062835652361881555,0.010817516874283468,0.0,0.00023034398034398035,0.0019963144963144963,0.0,0.03106181551662733,0.0199464073516835,carrier,0.5609650139401203,0.2003992628992629
2019-02-09,6494,0.006859312615667806,0.008023787042570663,0.001276364104673264,0.004926794962300351,0.006351330781882233,0.00971679464987902,0.020177656577990283,0.007449785010674592,0.01107720332853115,0.0,0.0002309824453341546,0.0024638127502309825,0.0,0.03062532841219987,0.020177656577990283,carrier,0.5647342733122616,0.19279334770557438
2019-02-10,6605,0.004248281065169925,0.007740371938814861,0.0016864631690349378,0.005147258419121787,0.005788784765236754,0.009442399949133465,0.020951678951392595,0.007369078175847191,0.010623119161465749,0.0,0.0002775674993691648,0.002271006813020439,0.0,0.052383505207448645,0.020951678951392595,carrier,0.5820351208268068,0.21604844814534443
2019-02-11,6614,0.0052473876912088775,0.009181524228938556,0.002434768191628022,0.00664814628992811,0.00665361221990435,0.008190896405090907,0.020954563811170848,0.008920297004149707,0.010690388485204828,0.0,0.0006047777441790142,0.0022679165406713033,0.0,0.03417623637201317,0.020954563811170848,carrier,0.576917005807593,0.22709404293921984
2019-02-12,6657,0.0033687849619177964,0.010022276056152217,0.0027004429741694673,0.006708550913399059,0.007760631652285624,0.009092412779061953,0.020934893382617326,0.007504805364727005,0.011268026549558564,0.0,0.0005758349606930049,0.0025537028691602825,0.0,0.01973023797269157,0.020934893382617326,carrier,0.5464290801302086,0.2565720294426919
2019-02-13,6620,0.0022866304439958345,0.008600743884246231,0.0028334637926990484,0.0056285303903289225,0.007420553186151691,0.008896003504491014,0.021211258774258133,0.007262970157167221,0.008552422255178917,0.0,0.0006294058408862034,0.002870090634441088,0.0,0.006803666168025691,0.021211258774258133,carrier,0.5698809482206302,0.2673716012084592
2019-02-14,6628,0.0012941032204867556,0.0070625663048056704,0.002638425667740806,0.00583766920900616,0.006332985540402705,0.006776944331909734,0.019550498693238716,0.005684094762211927,0.006969780673033392,0.0,0.0006286461476564071,0.0024140012070006035,0.0,0.0022021593873831295,0.019550498693238716,carrier,0.5694334846404703,0.26176825588412794
2019-02-15,6619,0.0011558535751113772,0.0060587687103414644,0.0033038626712153904,0.006832025489508259,0.004954595512933292,0.006299574733945686,0.020676139738551383,0.00579068459561553,0.006775083995697124,0.0,0.0005791408571284686,0.0018129626831847711,0.0,0.004258682828350089,0.020676139738551383,carrier,0.5738799410639825,0.2609155461550083
2019-02-16,6638,0.0012173127455394849,0.0055744793941237955,0.003030169610022374,0.008068423320011044,0.004041988807997944,0.005453521338651672,0.019792603742462812,0.00494804917419249,0.0072658766485847,0.0,0.0006025911419102139,0.0012051822838204278,0.0,0.006278602490658233,0.019792603742462812,carrier,0.5858371212513498,0.2609219644471226
2019-02-17,6598,0.0015636639860724657,0.0030284200030315437,0.0024886253001371234,0.0077072416135655,0.004803858183420698,0.006059660588885602,0.01780109088508331,0.004704078202635629,0.0047556141149894945,0.0,0.0005557239567545721,0.0012124886329190664,0.0,0.046960808591914385,0.01780109088508331,carrier,0.5846557958359249,0.25719915125795695
2019-02-18,6542,0.0022533671400968513,0.0025067897589892444,0.002555532341641636,0.009930950882773851,0.0047571136555389255,0.004841837842912489,0.018155775807419835,0.004261276894304582,0.0034862937718425665,0.0,0.00022928767960868235,0.0010700091715071843,0.0,0.01435916212868877,0.018155775807419835,carrier,0.5907209254518782,0.2658208498929991
2019-02-19,6648,0.0021232204929023816,0.0027359923029864923,0.003048013451989908,0.010944312430741267,0.004493555939527804,0.0029974145193525574,0.01746291231787089,0.0057771545349202,0.0036866905548511766,0.0,0.00035098275170477336,0.0009025270758122744,0.0,0.03127568740774804,0.01746291231787089,carrier,0.6261292144181845,0.2557160048134777
2019-02-20,6688,0.0018145264785504205,0.0023917935366602346,0.0045341031935621605,0.012657058421660471,0.004746174916174698,0.003293343868950115,0.015609545636226074,0.007278529494716838,0.005196732518168478,0.0,0.0002990430622009569,0.0005980861244019139,0.0,0.09263742169998636,0.015609545636226074,carrier,0.6247567675961484,0.28095095693779903
2019-02-21,6672,0.0023579547623965246,0.002706935876878939,0.004951191789036475,0.01388599445412841,0.005487949292918689,0.003265225316162196,0.014226616070742689,0.00773103444004321,0.005740473769461089,0.0,0.0004496402877697842,0.000749400479616307,0.0,0.1146636890288416,0.014226616070742689,carrier,0.6133360742021996,0.289568345323741
2019-02-22,6683,0.0023302074124901566,0.0027960615081310735,0.004029701983914563,0.012337360408153496,0.006548466396250445,0.002752383570694389,0.012806700063982398,0.007670687383006671,0.005286818093793558,0.0,0.0004987779939149084,0.0008978003890468353,0.0,0.10631512318221512,0.012806700063982398,carrier,0.6121089045483665,0.2992667963489451
2019-02-23,6730,0.0027151271792718113,0.003316844668225885,0.003907378329582089,0.011905191552745623,0.006421437925133021,0.002766137251407932,0.01337303643395585,0.006273729360840111,0.0050832360116993556,0.0,0.0004952947003467063,0.0008915304606240713,0.0,0.0957218750313415,0.01337303643395585,carrier,0.6067164262302392,0.3099554234769688
2019-02-24,6818,0.0021242690844189413,0.004778680701191272,0.0039468761653760195,0.011548701447810304,0.0049899654235182524,0.0038153922712439023,0.013507488117839032,0.00632641755464674,0.007555352533252333,0.0,0.000513347022587269,0.0014667057788207685,0.0,0.13415578384755475,0.013507488117839032,carrier,0.611204586791664,0.3071281900850689
2019-02-25,6853,0.002298340702157231,0.0054610609804955105,0.0036718268515181446,0.00903362469275374,0.0044607594048504395,0.003210885028997444,0.013646462558688514,0.00673614148636202,0.008867739698868147,0.0,0.0006323264750231042,0.0016051364365971107,0.0,0.08612434872931789,0.013646462558688514,carrier,0.617573288094106,0.3014738070917846
2019-02-26,6832,0.001510191635412962,0.004463516555259647,0.0032588255744069594,0.007332375477180897,0.00393822318513419,0.0034729215950996878,0.014952462163795957,0.006546195602728692,0.009334054868613006,0.0,0.0005366900858704138,0.0016100702576112413,0.0,0.03981684476290904,0.014952462163795957,carrier,0.6270718656134927,0.2882025761124122
2019-02-27,6841,0.001993964503816342,0.004240058029730265,0.002863302119212596,0.00640361592394733,0.0032804547412942694,0.0030964535056847596,0.01440229336269152,0.006976424178569795,0.00885536912327078,0.0,0.00058470983774302,0.00175412951322906,0.0,0.03265303987096808,0.01440229336269152,carrier,0.6309989152559561,0.25259464990498465
2019-02-28,6865,0.00233089037502857,0.004512311746911617,0.003077712038099709,0.007064720465609206,0.0017844520063167648,0.0024523933101263428,0.015700171263189996,0.007897911070737888,0.00732765409633142,0.0,0.0005583879582422919,0.0016023306627822287,0.0,0.07208895007025753,0.015700171263189996,carrier,0.6270318945615884,0.2492352512745812
2019-03-01,6806,0.0022777697178567213,0.0034326130317392073,0.005179668277544047,0.010056583670867526,0.0025155445309855617,0.0017562493689067102,0.014759494496088514,0.007940641455400166,0.006388408652824262,0.0,0.0005387403271623078,0.0014692918013517484,0.0,0.029366670085115322,0.014759494496088514,carrier,0.6329583017263176,0.25066118131060827
2019-03-02,6777,0.00243842189823561,0.0030148417305726205,0.005890465294881663,0.008748151397728263,0.002421451682992836,0.0013961060661533116,0.014585322224471621,0.008332312237563703,0.007730810131074456,0.0,0.0007131965963307265,0.0017706949977866313,0.0,0.025874784316871135,0.014585322224471621,carrier,0.6334452681785411,0.2542422900988638
2019-03-03,6779,0.0033476953752751143,0.002983617632287037,0.006438755664615668,0.007473116586180022,0.0025726756207036564,0.002329930185519293,0.014531548016890473,0.007777285103004116,0.009093580134444001,0.0,0.000737571913261543,0.0013276294438707775,0.0,0.03205936682635697,0.014531548016890473,carrier,0.6365578908223417,0.26818114766189705
2019-03-04,6845,0.0023097031620922205,0.0026272394664927233,0.0050984235818409065,0.006792266543333125,0.002334537639474036,0.001933103837264619,0.015644776108159675,0.006788896603451829,0.008121901480070078,0.0,0.0006087168249330412,0.001314828341855369,0.0,0.013493853067203753,0.015644776108159675,carrier,0.6351436694986264,0.26910153396639885
2019-03-05,6889,0.003773780879843964,0.0030865513617046644,0.0049824176207127506,0.006430361163047715,0.001126110961909182,0.0014164348671584705,0.017167561431701204,0.005604862306814975,0.006652125075813032,0.0,0.0006290221125465718,0.00130643054144288,0.0,0.02271209862675037,0.017167561431701204,carrier,0.633988276969657,0.27101175787487297
2019-03-06,6909,0.0030729870805042297,0.0038429349857946192,0.006140272988649266,0.007331488440552068,0.001601658386187649,0.0015337643940064902,0.017565437709034896,0.005867040863174206,0.006722553166827377,0.0,0.0006272012351039707,0.0014473874656245477,0.0,0.028829403036378213,0.017565437709034896,carrier,0.6258040758023248,0.27066145607179043
2019-03-07,6957,0.0031915320509133456,0.004550042388968702,0.005540888616257202,0.006072508846890992,0.0015050404762553553,0.0011773488887440306,0.016101953242885478,0.0054716327475125715,0.008504587700121835,0.0,0.0005510037851564371,0.0015811412965358632,0.0,0.032610689395306716,0.016101953242885478,carrier,0.6380703932009685,0.2571510708638781
2019-03-08,6995,0.002693326806063627,0.004350134771595904,0.005223091948252582,0.00438588314867774,0.0020597932452737205,0.0018818282561145394,0.018781859984479152,0.005958330066919618,0.007800022883384781,0.0,0.0005956635692161067,0.001858470335954253,0.0,0.045188282362704765,0.018781859984479152,carrier,0.6373681187224289,0.2416011436740529
2019-03-09,7132,0.0031291450529464374,0.003992757801949736,0.0049477185471527,0.004803918536807639,0.0023105139763619706,0.0015772915126279897,0.01695831980979434,0.005533857543279144,0.006420741647341423,0.0,0.00039727051785380446,0.0015423443634324174,0.0,0.051187105309471764,0.01695831980979434,carrier,0.6240568174873613,0.2481772293886708
2019-03-10,7152,0.0016211802286001922,0.002975817000778115,0.005295353402488049,0.004519098864232539,0.002128052523073678,0.0015698759247071315,0.016571439740600064,0.004945739484667557,0.005980764088277052,0.0,0.0003961595824011931,0.0015380313199105146,0.0,0.0651785351280454,0.016571439740600064,carrier,0.6184071562328202,0.23937360178970918
2019-03-11,7140,0.0017386734870895276,0.0020843067673879966,0.005352609156197541,0.003896614595221472,0.0033227144983007865,0.0012474185087900914,0.017344494002255812,0.004277225233952385,0.006263908355075968,0.0,0.0004901960784313725,0.0016806722689075631,0.0,0.11862645854129611,0.017344494002255812,carrier,0.6186974130772994,0.2211484593837535
2019-03-12,7071,0.0016853632902028382,0.00246097033741918,0.004854973783279993,0.0037137787614570958,0.004953092378819225,0.0015595149862744143,0.01820479807594548,0.0046544244022216595,0.005675422513374231,0.0,0.0005421203978692312,0.0015556498373638806,0.0,0.08971844581760777,0.01820479807594548,carrier,0.6068328066704931,0.2173667090934804
2019-03-13,7045,0.0015200016188940324,0.0025503182841680743,0.003729823873411522,0.0031883687959793363,0.006418965312264888,0.0009705956136820582,0.01722964885549711,0.0036254401875101165,0.007399360638811287,0.0,0.00056777856635912,0.0017033356990773599,0.0,0.10639431744437099,0.01722964885549711,carrier,0.5887524722751994,0.22327892122072393
2019-03-14,7063,0.0018004116730204209,0.003115798062663766,0.003580569334810869,0.0035117603323745936,0.006948593715794164,0.0014057848277808265,0.01766682610537478,0.005182860194673851,0.006651856283170389,0.0,0.0005191372882155836,0.0015574118646467508,0.0,0.11905305151151646,0.01766682610537478,carrier,0.5764080179544524,0.24097409032988815
2019-03-15,7083,0.0025875125308872583,0.002640322749961255,0.0028279950617155635,0.004265324090223412,0.006002878171356812,0.0018650641464771666,0.016157350522473433,0.0056784469855295575,0.006347443227615315,0.0,0.0004706103816650195,0.0014118311449950586,0.0,0.10435532183967118,0.016157350522473433,carrier,0.5718362090022872,0.25201185938161796
2019-03-16,7143,0.002510280086035782,0.0033884639714247496,0.0030571656729775423,0.0051392595176460295,0.006044702682853198,0.0017431248901391095,0.016614954195950944,0.005767967576062336,0.006950807537817176,0.0,0.0006533202669279948,0.0013999720005599889,0.0,0.10866625592267853,0.016614954195950944,carrier,0.5776285889617004,0.23183536329273416
2019-03-17,7148,0.0015116483951528197,0.0023347701494188904,0.0021977495368889865,0.004995909995198848,0.006188149401196058,0.0026120764070824134,0.015819941077835065,0.006229841132825408,0.006459360118223963,0.0,0.0006528632717776534,0.0013989927252378287,0.0,0.11685241115496356,0.015819941077835065,carrier,0.5780435270626322,0.20956911024062674
2019-03-18,7199,0.0016331425058393875,0.0018503712566556505,0.0027191636613394417,0.005183032762594189,0.007087739382132378,0.0035605682458641407,0.016136590771612627,0.007386388758275041,0.005962344825348733,0.0,0.0005324813631522897,0.0012501736352271149,0.0,0.13015031664182458,0.016136590771612627,carrier,0.5718077811409923,0.19877760800111127
2019-03-19,7250,0.001703569487410535,0.0016960777550120484,0.0032234648190186672,0.0050958646655502975,0.00604738250819845,0.004398614065495795,0.01508144506853187,0.008268933738790056,0.005575733183940718,0.0,0.0004597701149425287,0.001379310344827586,0.0,0.08841984985538165,0.01508144506853187,carrier,0.5553329019761629,0.18524137931034482
2019-03-20,7244,0.0024840001697197904,0.002731916325128887,0.0044957915827425745,0.005556495163835572,0.007267630480088105,0.00475168550053707,0.01580330322962291,0.006427526729112896,0.005812794744579915,0.0,0.0004601509295048776,0.000966316951960243,0.0,0.06040757294466636,0.01580330322962291,carrier,0.5627658361813648,0.1677250138045279
2019-03-21,7231,0.0020439417345973357,0.001485896364990237,0.004674778516554935,0.007146752501780368,0.00855810463059508,0.004701250450062387,0.014919447952389338,0.005672177239062763,0.006211935904894747,0.0,0.0005301249250910432,0.000968054211035818,0.0,0.042234842899546286,0.014919447952389338,carrier,0.5939599435652066,0.1460378924076891
2019-03-22,7305,0.0015917003732658155,0.0018950805586259703,0.0038762983344962807,0.006249841734248198,0.007475671787838347,0.005015351456199588,0.016552425337355577,0.005943002366481709,0.006844431539284027,0.0,0.0004791238877481177,0.0008213552361396304,0.0,0.04440918479711895,0.016552425337355577,carrier,0.6131571006621056,0.13429158110882958
2019-03-23,7243,0.001333931472484607,0.0015352723676578858,0.0042741862220667705,0.007284178717082578,0.007712204988274023,0.005288989924770902,0.018152849761316984,0.006253748625538004,0.007854622678556333,0.0,0.0005062359059321644,0.001104514703851995,0.0,0.042541502580324436,0.018152849761316984,carrier,0.628516680888898,0.12839983432279442
2019-03-24,7248,0.0019531013598102249,0.0023527084270923058,0.004943555647237627,0.0075861763438663165,0.008402940398382923,0.0038113683274772175,0.018765764386601883,0.00635104389771358,0.008086583395223437,0.0,0.0005058866813833702,0.0009657836644591612,0.0,0.04688842542891719,0.018765764386601883,carrier,0.6279908246837393,0.1287251655629139
2019-03-25,7205,0.002969748191660659,0.0032455901949184954,0.003967540160961406,0.006158440934197678,0.00806115421373769,0.0039817160439690495,0.01802569705782809,0.007071145225955268,0.006901658872480423,0.0,0.0005551700208188758,0.0009715475364330327,0.0,0.041637318457578544,0.01802569705782809,carrier,0.6218765473060112,0.14115197779319916
2019-03-26,7204,0.0023417742581925464,0.004545857610189113,0.0033431506535830653,0.005248251685278192,0.009594254678311452,0.0030501379873475493,0.018983702697896954,0.007751038498237034,0.006066590892016121,0.0,0.0005321117897464371,0.000832870627429206,0.0,0.0739990742394675,0.018983702697896954,carrier,0.6257773740749487,0.14589117157134926
2019-03-27,7225,0.0024839832267201847,0.004036517139661357,0.003606440942823259,0.004839210681183294,0.009446084403123967,0.0025726938999493846,0.020169731504323083,0.007390273582935455,0.0055294897800650085,0.0,0.0005767012687427913,0.0011072664359861593,0.0,0.07698120097830569,0.020169731504323083,carrier,0.6313039029158678,0.14726643598615918
2019-03-28,7167,0.003192633229749789,0.004416441877361732,0.0029923169098942178,0.004375701914547223,0.010049801681934662,0.0027652829812093555,0.019802611715846467,0.00752289672503755,0.004465391577756676,0.0,0.0005813683084507698,0.0009766987581972932,0.0,0.07460551946010897,0.019802611715846467,carrier,0.6158305184763146,0.14287707548486117
2019-03-29,7135,0.0024867641524914013,0.003258812407837023,0.0037570028056163143,0.0050035580101623275,0.010349479818033245,0.002870964067071018,0.01666791118814043,0.005848824902508987,0.004929829995813555,0.0,0.0006540527914038776,0.001401541695865452,0.0,0.07903529356008879,0.01666791118814043,carrier,0.5956911032634132,0.13314646110721795
2019-03-30,7107,0.003716588938114566,0.004502495187434631,0.003840298252881189,0.005317832345306858,0.010271720810303595,0.0024018963327915857,0.015412056788694286,0.006733568909264396,0.005460379878625996,0.0,0.0005159232681393931,0.001266357112705783,0.0,0.07620307356467458,0.015412056788694286,carrier,0.596962466895552,0.1352187983678064
2019-03-31,7093,0.003580235801581292,0.003269774476373028,0.0040124848492800675,0.00518020933559529,0.009997178987914537,0.002545445201776272,0.015422615440640997,0.007725874035962919,0.0042212033333808765,0.0,0.0005169415856008271,0.0015508247568024813,0.0,0.07569355252593679,0.015422615440640997,carrier,0.5993730557565672,0.1377414352178204
2019-04-01,7148,0.002701976310396704,0.002781148071647863,0.0044429299652826455,0.004712152976778485,0.01019647412900062,0.0023879976182683725,0.01683796839898607,0.006910383850555758,0.00530231025781679,0.0,0.00048964745383324,0.0018186905428091774,0.0,0.04427816890761492,0.01683796839898607,carrier,0.6314850622133674,0.15836597649692222
2019-04-02,7136,0.0026986880436097294,0.0031529774591509767,0.00478679111024953,0.004818816625416249,0.008759565323081302,0.0026357550822502674,0.017105513520574087,0.008237262663644662,0.007455975271464094,0.0,0.0005371823617339312,0.001961883408071749,0.0,0.04153657268466772,0.017105513520574087,carrier,0.632393746395583,0.15512892376681614
2019-04-03,7238,0.001921235787721416,0.0017680929364060727,0.0033918999603675774,0.004235055419119889,0.008695827797615697,0.002987130264197202,0.017324882880374325,0.00699949404889734,0.008756252124589955,0.0,0.0004375057566546928,0.0017960762641613705,0.0,0.05713320074991179,0.017324882880374325,carrier,0.6502824200175599,0.15432439900525008
2019-04-04,7261,0.0010360028304303162,0.0014176279131513578,0.0029771395944702436,0.0032677631733681886,0.00817553284463593,0.002995614251953788,0.018262567892341562,0.00725816293142855,0.009020088205255227,0.0,0.00036725887159711704,0.0019281090758848643,0.0,0.06944509307735924,0.018262567892341562,carrier,0.6487012372148546,0.16030849745214157
2019-04-05,7200,0.0009755821725715871,0.0010793458421932954,0.0028774038072073432,0.0016256357632324868,0.008134991175571557,0.0033734154932375344,0.018913532603954276,0.007823606446660577,0.008131039779926595,0.0,0.00032407407407407406,0.0016666666666666668,0.0,0.0648781174344378,0.018913532603954276,carrier,0.6510341666666666,0.16666666666666666
2019-04-06,7207,0.0008665220453772501,0.0015357466716723839,0.0038670576890908574,0.002146032116161662,0.008061894107095248,0.0030691656919822445,0.01942802303538167,0.006592572172556869,0.007041759625213408,0.0,0.0003468849729429721,0.0015262938809490773,0.0,0.06903487172720577,0.01942802303538167,carrier,0.6558373379364151,0.17052865269876508
2019-04-07,7215,0.0010936753898730307,0.0016259806162334765,0.003421045687160462,0.0019659248317220263,0.009153905906015142,0.003016384174769713,0.018267213875894046,0.00816814531785431,0.006726579783275938,0.0,0.0003696003696003696,0.001386001386001386,0.0,0.06356184003741414,0.018267213875894046,carrier,0.6506496277728604,0.18516978516978516
2019-04-08,7165,0.0018018438078990593,0.0023618963869693117,0.004596482249345233,0.0029990173804082336,0.00922612556039757,0.0020637537654713436,0.01641201010284822,0.00963328440867387,0.007005056287965445,0.0,0.0003721795766457316,0.0011165387299371947,0.0,0.06292891158022382,0.01641201010284822,carrier,0.6372738706022301,0.1694347522679693
2019-04-09,7157,0.0012744757243906472,0.0024441372072101317,0.004579858920758102,0.0029517498047477112,0.008898143185994623,0.002226425737509896,0.017311781714920132,0.009057617653105731,0.007974878006254116,0.0,0.0003260211447999627,0.0012575101299427134,0.0,0.061045300705746236,0.017311781714920132,carrier,0.6486275269548855,0.1817800754506078
2019-04-10,7140,0.001854583233542673,0.0027478468774039862,0.005383258686969244,0.0032311696236978753,0.006177684974070882,0.0016456445869820185,0.017249463725485997,0.00980097942578622,0.007485645073010676,0.0,0.000326797385620915,0.0011204481792717086,0.0,0.05946708419558211,0.017249463725485997,carrier,0.6282165754155834,0.19215686274509805
2019-04-11,7158,0.002731101055078204,0.0029090981084414543,0.005670728753047637,0.0033152413707092493,0.004141947155807486,0.002018016040023373,0.016910255000024306,0.010586292766265503,0.006542286495848597,0.0,0.00032597559839806276,0.0012573344509639564,0.0,0.06629114452619372,0.016910255000024306,carrier,0.6175030314336349,0.19837943559653534
2019-04-12,7160,0.0025800080274702535,0.0037010126898237494,0.006308863727366561,0.00417121702431469,0.0032649788250803027,0.001901193853103409,0.016614990294028614,0.009093720533904509,0.006365499197766578,0.0,0.00034916201117318437,0.0011173184357541898,0.0,0.06747222337432211,0.016614990294028614,carrier,0.6180752282027069,0.2111731843575419
2019-04-13,7135,0.0016234262491692693,0.0022038617468216424,0.003689467856217484,0.0028553720505242078,0.0028166588713798672,0.0022702278340559147,0.015853252581895134,0.007800340829860076,0.006623818660658304,0.0,0.0004438215370240598,0.0015416958654519972,0.0,0.06768922864726082,0.015853252581895134,carrier,0.6082123880148622,0.22088297126839523
2019-04-14,7189,0.0011288603180437903,0.0019847403463982335,0.0028896514581596778,0.002387807939834433,0.00374141196894114,0.003063422477168616,0.014425055620198154,0.007369571508279155,0.0071273820209932824,0.0,0.0003709370797978393,0.0016692168590902768,0.0,0.0691130380446246,0.014425055620198154,carrier,0.5993710930488961,0.2523299485324802
2019-04-15,7233,0.0012996779518259078,0.002400569163348194,0.0012499958415419761,0.0016645374286128644,0.002767372007814861,0.003343303544813181,0.01496533540335067,0.006861887005446035,0.006366883970760531,0.0,0.0003686805843587262,0.0017973178487487903,0.0,0.07289857904407793,0.01496533540335067,carrier,0.6117888574705705,0.2680768699018388
2019-04-16,7258,0.0013683009388894855,0.0020526915904185775,0.0011357682980844479,0.002227861464049751,0.0014664023204991159,0.0036294309054646493,0.014976093948354922,0.006907412755846492,0.007073275763317589,0.0,0.0004363001745200698,0.0019289060347203086,0.0,0.07722507626749944,0.014976093948354922,carrier,0.6049414496189349,0.2555800496004409
2019-04-17,7235,0.0014016492167392347,0.0031497821127836824,0.002108084035279321,0.0034754683094323758,0.0021460679371188194,0.004375912573978706,0.0150813940588454,0.00445513086377606,0.0056720520122944046,0.0,0.000414651002073255,0.0022114720110573602,0.0,0.07783497394831967,0.0150813940588454,carrier,0.6113282430981851,0.24782308223911542
2019-04-18,7216,0.0014563017046697376,0.0031026324250392127,0.001525969326790952,0.0029231998031419783,0.0036781758294387934,0.00392320419749503,0.01587351723153198,0.005111270907482073,0.00638387896490036,0.0,0.0004157427937915743,0.0023558758314855877,0.0,0.07559168941121677,0.01587351723153198,carrier,0.629298387314306,0.2523558758314856
2019-04-19,7307,0.0010422583331412068,0.0019794056165009797,0.0013399169209003506,0.0030123398218604813,0.0029019635135988644,0.004472083493306239,0.014845647538983809,0.004085219649381684,0.004980912502519951,0.0,0.0004105652114410839,0.0026002463391268647,0.0,0.07531774488689999,0.014845647538983809,carrier,0.6191251498947794,0.27042561926919395
2019-04-20,7300,0.0017956357846440848,0.001423649796572997,0.0023917873463701663,0.0036321703118432176,0.0021224690220762003,0.0039013440650773313,0.014393388806515403,0.004913929608685359,0.005785163050674584,0.0,0.00031963470319634703,0.002328767123287671,0.0,0.07213441630164817,0.014393388806515403,carrier,0.6213104546911578,0.26164383561643834
2019-04-21,7212,0.0011946633973838542,0.0013051704132401008,0.0021939696030273217,0.0030920470033860984,0.002349030891474797,0.004592802420386226,0.01502091919979458,0.004854109405555807,0.006083134150998613,0.0,0.00032353484932519876,0.0023571824736550195,0.0,0.07262981236317026,0.01502091919979458,carrier,0.6293973735304087,0.21256239600665558
2019-04-22,7146,0.0013341394459738488,0.0009180527802374637,0.0016706322512379725,0.0016798318090636302,0.002789394952742241,0.00455871537276443,0.015129674460050344,0.004545676954263599,0.006075157427307518,0.0,0.0003964922100942252,0.0025188916876574307,0.0,0.07968778500380456,0.015129674460050344,carrier,0.6086008224288728,0.18849706129303107
2019-04-23,7091,0.0011699577065288785,0.0010901024034316914,0.0016315572725837764,0.0017623004559159472,0.0027888307917902297,0.00410359688179177,0.01519972723632896,0.004446375951217174,0.005218241514306898,0.0,0.0003290556103981573,0.0025384289945000705,0.0,0.07598319172932048,0.01519972723632896,carrier,0.6048241843710345,0.18939500775631082
2019-04-24,7064,0.001292353229475144,0.0006046143440303739,0.001662936260023653,0.0020076690092881346,0.002314562476329903,0.0038481547766800552,0.013986409750971835,0.00547279892198466,0.005105636533264966,0.0,0.0004246885617214043,0.002406568516421291,0.0,0.07280413585177647,0.013986409750971835,carrier,0.5956522746329325,0.19153454133635334
2019-04-25,7112,0.001339871891137306,0.0005146004595594479,0.002485528168167689,0.0024307861063085257,0.002152364030691622,0.0032382258397118772,0.01323455437125055,0.004677300792155944,0.005155176174722031,0.0,0.00046869141357330335,0.0022497187851518562,0.0,0.07058914821107823,0.01323455437125055,carrier,0.5851165252765513,0.17182227221597302
2019-04-26,7050,0.0017393796928669566,0.0008189330474237405,0.0018117051913047674,0.0018857217266691497,0.002016969512918024,0.0032610841319316497,0.012519314750396299,0.00433184871745358,0.004970912774272047,0.0,0.0004964539007092199,0.0018439716312056737,0.0,0.06820689735991456,0.012519314750396299,carrier,0.6181908118947097,0.15375886524822696
2019-04-27,7050,0.0008845814579061289,0.001426726957368829,0.0020622842958644316,0.0017714930568774043,0.0025766838715500315,0.002847568282683388,0.012236122610804053,0.0037607033875551223,0.0043280049092958885,0.0,0.00047281323877068556,0.001702127659574468,0.0,0.07039810814900621,0.012236122610804053,carrier,0.6180864646375619,0.15574468085106383
2019-04-28,7103,0.0012174102974332587,0.0012242878056090674,0.0015135273428509136,0.0011885074940273875,0.0016324037164665176,0.002169084235889714,0.0124391437338842,0.003144777949703777,0.004020557746139975,0.0,0.0004692852785208128,0.0015486414191186822,0.0,0.07171323940597278,0.0124391437338842,carrier,0.6268581070539495,0.15852456708433058
2019-04-29,7105,0.0016540271002358775,0.0018839207465240883,0.0010515657123688045,0.0018085388554724756,0.0011619999112488261,0.0022616077652329995,0.012314734707637044,0.0032468155597840287,0.0035473115140806154,0.0,0.0004926108374384236,0.001266713581984518,0.0,0.12654269491104791,0.012314734707637044,carrier,0.6212994942210686,0.17072484166080226
2019-04-30,7110,0.0019012512320995874,0.0013239522345701868,0.0023180002347041777,0.002062037967782602,0.0013384607199743816,0.00228772119296292,0.013656719734263217,0.003753141992797572,0.004820666500752566,0.0,0.0004922644163150492,0.0008438818565400844,0.0,0.18609633643232937,0.013656719734263217,carrier,0.6386982142442159,0.18213783403656822
2019-05-01,7084,0.0020804135778901235,0.0016262314760032242,0.002037009011687945,0.001453131971657454,0.0013503220557156762,0.0027886985465577427,0.013786772778717,0.0030923103993578376,0.005696160198176616,0.0,0.0003999623564840956,0.0007058159232072275,0.0,0.1888050971436179,0.013786772778717,carrier,0.647486830837896,0.18337097684923773
2019-05-02,7074,0.0019058865891067413,0.00145379264773463,0.0022319016265564175,0.001449513642315012,0.0013510621156709512,0.0035052905449345466,0.016081744430426616,0.004061410731436121,0.004818699756014513,0.0,0.0003534068419564603,0.0005654509471303364,0.0,0.08100192165795353,0.016081744430426616,carrier,0.6844913696584304,0.2160022618037885
2019-05-03,7075,0.001953957731376957,0.0018696489688063964,0.002752077692198427,0.0015811372924807651,0.0018995292511325122,0.003625857557293827,0.017064706418751973,0.004148005683240126,0.005414127264173152,0.0,0.0002591283863368669,0.0008480565371024735,0.0,0.09608517250668108,0.017064706418751973,carrier,0.6820264857094585,0.21597173144876325
2019-05-04,7088,0.002373075703871981,0.0018471323088105134,0.0021103760912484578,0.0015343772354341988,0.002476670888089227,0.0040493369992799675,0.017614905484442923,0.00532414933587219,0.006130169745237331,0.0,0.00035270880361173816,0.001128668171557562,0.0,0.1233718620251873,0.017614905484442923,carrier,0.6827466589616876,0.21331828442437922
2019-05-05,7064,0.002665263833233749,0.0018599620685444947,0.0026182657755715855,0.0015279348728946518,0.0029274213658212417,0.006477530325984008,0.019834692970015475,0.004016897038771303,0.006403700880939089,0.0,0.00037750094375235937,0.0014156285390713476,0.0,0.10455360646670131,0.019834692970015475,carrier,0.6855046736954266,0.22749150622876557
2019-05-06,7100,0.0023294281627671883,0.0011932528771873205,0.002491329035966957,0.0012862572090524213,0.003777580080690508,0.007141811887861105,0.02061072577105492,0.002763922520628235,0.005398228324650125,0.0,0.00035211267605633805,0.0014084507042253522,0.0,0.1021893867107369,0.02061072577105492,carrier,0.6924585763213922,0.21971830985915494
2019-05-07,7099,0.0018644231240606197,0.001009713616148087,0.0029018964682214813,0.002432015590679282,0.002597258717756515,0.006531414212937509,0.019439957692982027,0.004011355584156123,0.007044732348031989,0.0,0.0003756397614687515,0.0016903789266093816,0.0,0.09793532345480299,0.019439957692982027,carrier,0.689200677296432,0.2173545569798563
2019-05-08,7142,0.0025318730813434116,0.0012776126778144433,0.0031063951657528655,0.0025035814514207558,0.0034726855512952153,0.006525985566427871,0.022266617870780717,0.002802806973249314,0.007162244708820398,0.0,0.0004433865397180995,0.0019602352282273874,0.0,0.09215772386861286,0.022266617870780717,carrier,0.6785856811330168,0.23690842901148138
2019-05-09,7171,0.0029511996867194186,0.0012396930052692439,0.0030274970003694966,0.002204364091795218,0.0057389895303575356,0.0056873163900938275,0.02230837098658344,0.004127362378201036,0.006156903221276166,0.0,0.0004880769767117557,0.00209175847162181,0.0,0.14748470095140964,0.02230837098658344,carrier,0.6602587112135632,0.22493376098173198
2019-05-10,7148,0.00309199171363476,0.0010664172136597184,0.001883657182950101,0.0017006135232868766,0.004583445818151582,0.008092912977945139,0.025267590111154252,0.004997942792804716,0.006004278469660965,0.0,0.0005595970900951316,0.00195858981533296,0.0,0.14252711055487655,0.025267590111154252,carrier,0.645562314844143,0.21376608841634023
2019-05-11,7116,0.003158784820713131,0.0012963834593822023,0.00154377047787305,0.0011435839709733418,0.004965952201348491,0.0075660089192318095,0.026720844219979244,0.005084854701779798,0.0046427680005770525,0.0,0.000515270751358441,0.0018268690275435638,0.0,0.12806339377877754,0.026720844219979244,carrier,0.645029772743066,0.2216132658797077
2019-05-12,7133,0.0033853183423232865,0.0018164345876528726,0.0011968026725156658,0.0012356730581524673,0.005017138865942362,0.006867034861062101,0.024663844342159593,0.004936993271488385,0.004336077960765597,0.0,0.0005841394457684939,0.0016823216038132623,0.0,0.09342890735234206,0.024663844342159593,carrier,0.6373132935806134,0.21603813262301977
2019-05-13,7157,0.003029366747460269,0.0016218674318730733,0.0011480231559101589,0.001957375961226723,0.006089544240475511,0.003564467155444629,0.02409211849213278,0.006079628088800749,0.00495401855268077,0.0,0.0006054678403427879,0.0019561268687997764,0.0,0.014949429470409309,0.02409211849213278,carrier,0.6341777447432444,0.2225792929998603
2019-05-14,7206,0.0022819045076072314,0.0012337323090504649,0.0018125929464742274,0.0013522753306376635,0.006778622014894943,0.003769377407542492,0.024307349877823157,0.005381788067771124,0.004652273206140207,0.0,0.0005782218521602369,0.0018040521787399389,0.0,0.004576524565391353,0.024307349877823157,carrier,0.6121751703386371,0.21468220927005274
2019-05-15,7273,0.0013667886464668083,0.0016298327667781118,0.0022455936629159493,0.0019477594333863122,0.006221698702862625,0.003492321423368916,0.026533148231206158,0.005860765282284987,0.0047687711341787035,0.0,0.0005270635684495164,0.0015124432833768734,0.0,0.02540381960825852,0.026533148231206158,carrier,0.6206214696182107,0.19084284339337274
2019-05-16,7156,0.0020508219931976235,0.0015668984520751312,0.002904207871523399,0.0032206105208337846,0.004722444885916418,0.004413959574716007,0.024811154071250688,0.00638249363334647,0.004323658005286507,0.0,0.0005123905347493944,0.0015371716042481833,0.0,0.042151359823425556,0.024811154071250688,carrier,0.6251866040497536,0.1882336500838457
2019-05-17,7181,0.0012546691423913695,0.001501855659867568,0.0036883848355717475,0.0034653929979892024,0.00603262910967787,0.0037375950852180924,0.023633749789373274,0.006844741957181533,0.003792701697129601,0.0,0.0004409785081000789,0.0015318200807686953,0.0,0.07177287782582853,0.023633749789373274,carrier,0.6339792418506418,0.1878568444506336
2019-05-18,7163,0.0012398373640274355,0.0016177561336767853,0.0037795793385959698,0.0027522782890279343,0.005170520615227414,0.0036044086128771734,0.02427053264491639,0.006108406953895281,0.004396914297950679,0.0,0.0004653543673507376,0.0013960631020522127,0.0,0.0987594487504011,0.02427053264491639,carrier,0.6440256494156844,0.19447159011587323
2019-05-19,7209,0.0009609708078815122,0.001144657330799204,0.003891440306101587,0.0030149168599230727,0.005045636594399598,0.0042601397597652494,0.02418430839958585,0.006623190224654624,0.0055326857226365754,0.0,0.0004161464835622139,0.0013871549452073796,0.0,0.1662154354299609,0.02418430839958585,carrier,0.650240076824584,0.21209599112220834
2019-05-20,7198,0.001066362356904121,0.0009625928149423466,0.003791869705453158,0.0016189306772523377,0.003244336821287757,0.005296399009822223,0.025409989520835535,0.0062744530288093734,0.004744913700421005,0.0,0.00030100953968695005,0.0013892747985551543,0.0,0.14274945712475395,0.025409989520835535,carrier,0.643638919308022,0.2171436510141706
2019-05-21,7195,0.0013830467561207367,0.0008688775478457476,0.003496104043407354,0.0020286809871902694,0.002918480447506976,0.007405861821331367,0.02487117606028522,0.006174172254924624,0.004475193939035189,0.0,0.00034746351633078526,0.0019457956914523975,0.0,0.11284430867033779,0.02487117606028522,carrier,0.6403519593037119,0.23974982626824184
2019-05-22,7134,0.0019574096904892953,0.0008153030992977215,0.0041349996842820706,0.001503168153107375,0.002545988435830462,0.006883866643119378,0.022355456952541965,0.005406425027635079,0.00495598815929608,0.0,0.00032707223623960375,0.00224278104850014,0.0,0.06516968724291042,0.022355456952541965,carrier,0.6507112812313739,0.24460330810204653
2019-05-23,7179,0.002349520592266289,0.0008761695081633538,0.003870909871638231,0.0009711455768546704,0.0037156331964350196,0.006730235256057891,0.023227194322665703,0.0054113775643978,0.004917379350371853,0.0,0.00034823791614430977,0.0022287226633235825,0.0,0.04025148380247901,0.023227194322665703,carrier,0.6463038592148016,0.25630310628221203
2019-05-24,7228,0.002760748806995646,0.0010204840663543464,0.0028851466918296464,0.0012366437134545757,0.003777729782921273,0.005521341918696104,0.022963822017081754,0.006298667319776363,0.005008227769964384,0.0,0.00036893562073418186,0.002075262866629773,0.0,0.03194571844677072,0.022963822017081754,carrier,0.6359922784731304,0.25940785832872165
2019-05-25,7220,0.0020796775601824914,0.0010256780540948381,0.0033206153113843544,0.001750121276896863,0.003772106770536531,0.0049391224483725776,0.022012675590397233,0.006046549775588786,0.0050167178119905,0.0,0.00030009233610341643,0.0023545706371191134,0.0,0.023018025692474065,0.022012675590397233,carrier,0.6442059889173061,0.23545706371191136
2019-05-26,6988,0.0025852598822838587,0.001345493356518999,0.003099163216488595,0.001634754848402715,0.003810492611645663,0.0030946693848165232,0.02232790456924126,0.006795211819224061,0.005034597339303523,0.0,0.00026235451249761495,0.0022896393817973667,0.0,0.025680505564294572,0.02232790456924126,carrier,0.6384909700057491,0.20892959358900973
2019-05-27,6953,0.0026533759487977425,0.0018710673341184832,0.0018317735226486052,0.002250666435418626,0.003878038274315116,0.0026218066601124594,0.020249909146017247,0.005585781419756513,0.0030677930539120836,0.0,0.00038352749412723527,0.002157342154465698,0.0,0.031707401343350296,0.020249909146017247,carrier,0.6498585111324524,0.19948223788292824
2019-05-28,6919,0.0018387639202297515,0.0021802666695298705,0.0019498971386453369,0.0020224494671972257,0.0036599719189463974,0.0017178556662624947,0.02266379932084684,0.005578954513494601,0.003685648877846417,0.0,0.0003854121501180325,0.001589825119236884,0.0,0.041293673267192674,0.02266379932084684,carrier,0.6638822910972544,0.1925133689839572
2019-05-29,6939,0.002015663769620579,0.0019553538932352062,0.0011913839484775756,0.0020985924363247387,0.003994078787286285,0.0016232254162796516,0.022667070376636338,0.004935100394069171,0.0033301557634212472,0.0,0.00048037661526636886,0.0011529038766392853,0.0,0.03083947233435682,0.022667070376636338,carrier,0.6838283919084418,0.21588125090070615
2019-05-30,7007,0.0008886471749047635,0.0015281990445945206,0.0014236644448275418,0.0021268897627959964,0.0031283205267134667,0.0011007511427451923,0.02111873481999591,0.004406386824527698,0.005337779942442479,0.0,0.00042814328528614244,0.0011417154274297131,0.0,0.014659007080598254,0.02111873481999591,carrier,0.7011431941846101,0.20950478093335237
2019-05-31,6929,0.0005489484874387825,0.0019194678124279327,0.0017823155354569009,0.0020937108092986445,0.0039853739418736125,0.0016685813554050883,0.021048064225896314,0.0042559972525766255,0.005122420062593019,0.0,0.00040890941453793235,0.001443209698369173,0.0,0.01416418633028593,0.021048064225896314,carrier,0.7127679601627497,0.2078221965651609
2019-06-01,6957,0.0010005830535904964,0.0029667091532532813,0.0007435804872061539,0.0015591347970351067,0.0025663758200898225,0.0019552770441964144,0.022432846321652097,0.005041594866158456,0.005791427259353957,0.0,0.00047913372622298883,0.0015811412965358632,0.0,0.014531447976031474,0.022432846321652097,carrier,0.7111494129959136,0.22064108092568635
2019-06-02,7180,0.0018426815454353623,0.002177714343889572,0.0009504739164432773,0.001740567951582032,0.0023644705606326545,0.00225508576038999,0.023178634314912704,0.007458570718697485,0.005184559361635671,0.0,0.000510677808727948,0.0018105849582172701,0.0,0.017748462544548434,0.023178634314912704,carrier,0.7076150456104762,0.23760445682451253
2019-06-03,7229,0.0015390538921169132,0.0027480672079530843,0.0017524071693704676,0.0018879281874072335,0.002666987348380783,0.00316041234097798,0.024719840498131206,0.006908922983805083,0.00554148273233771,0.0,0.0004611057315442431,0.0015216489140960022,0.0,0.027992214605260086,0.024719840498131206,carrier,0.6979724977435782,0.23073730806473924
2019-06-04,7268,0.0019435585697292336,0.003154724091593627,0.001668240993635888,0.0019222271212697012,0.0031446529651334813,0.00482376186910463,0.02540587780767688,0.007458005132212264,0.005102885228953513,0.0,0.000458631443771785,0.0015134837644468905,0.0,0.04180930267285624,0.02540587780767688,carrier,0.6958419822654798,0.21642817831590533
2019-06-05,7236,0.001245241795712203,0.0017546465663835775,0.001715806664736314,0.0022116049825207417,0.0033540253352302984,0.005281575145302166,0.027237451097685376,0.008688877407900539,0.00800624532970323,0.0,0.00043762668140777595,0.0017965726920950802,0.0,0.04111028166991434,0.027237451097685376,carrier,0.6883220340826541,0.21158098396904368
2019-06-06,7226,0.0010316632559317271,0.0008718268090884392,0.0012410156833068653,0.0013400264721751662,0.0033118111135682846,0.005388911475811485,0.02916702036759004,0.008262032205666417,0.0074053911234811,0.0,0.0004382323092536212,0.0019374481040686411,0.0,0.05585274805384445,0.02916702036759004,carrier,0.6673387244923097,0.19831165236645448
2019-06-07,7292,0.0013860805957556092,0.0011258450178889714,0.001017994217280678,0.0014049820145751902,0.0036594656202250577,0.004713424307622993,0.026408476046223844,0.00772785860560867,0.006952890643212199,0.0,0.00043426586213201685,0.0021941854086670325,0.0,0.058195693718849834,0.026408476046223844,carrier,0.6631410929360902,0.19980800877674162
2019-06-08,7355,0.0012672100480378636,0.0013273011943779355,0.0007747505990288794,0.0009559042457683348,0.004308875201213009,0.005128239759927739,0.023653851590580578,0.008475525261724164,0.006489662081910031,0.0,0.0004305461137548153,0.002175390890550646,0.0,0.058121383257415477,0.023653851590580578,carrier,0.6497576435866057,0.21291638341264446
2019-06-09,7415,0.0016085025198226744,0.0015471121665930209,0.0007107546988969258,0.0006968286148982753,0.005283819534521978,0.006404204880664857,0.022877341210264527,0.006208683239363134,0.006853852459298718,0.0,0.00042706226118228817,0.0020229265003371545,0.0,0.05878530621214974,0.022877341210264527,carrier,0.638405156308382,0.2265677680377613
2019-06-10,7386,0.001916248732624583,0.002782460422176581,0.0013680230719828232,0.0009492747778917291,0.004608272040416639,0.006577007992357108,0.02026986671686,0.006687997417621093,0.006944837360249926,0.0,0.0005641303366729849,0.002166260492824262,0.0,0.06675350524931069,0.02026986671686,carrier,0.648514365208976,0.2538586515028432
2019-06-11,7387,0.001651624667668151,0.001958552280339279,0.0016350910790184651,0.001388760152487243,0.00430526950800279,0.007006447075243711,0.01965271054554185,0.005330028369475117,0.0065236247653116305,0.0,0.0007219890799151663,0.0024367131447136864,0.0,0.06987601347287542,0.01965271054554185,carrier,0.6475690726469302,0.26424800324895087
2019-06-12,7478,0.0012881648112413337,0.0022331388845474127,0.001630012936871857,0.0020921129506685818,0.004817470397928986,0.006992208680830168,0.021284380042453487,0.0055141070026383,0.005944909771934172,0.0,0.0008692163680128377,0.0025407863064990637,0.0,0.08141817038980702,0.021284380042453487,carrier,0.647658480716629,0.2595613800481412
2019-06-13,7512,0.0016035622046497728,0.0023766537839167577,0.002532340979423222,0.0034361069611330416,0.005462658139296539,0.007752088351927326,0.02101430872702466,0.006656266279417291,0.00452223152537212,0.0,0.0008874689385871495,0.0026624068157614484,0.0,0.08335900334777267,0.02101430872702466,carrier,0.6557862864355759,0.273961661341853
2019-06-14,7525,0.0023370213788585052,0.002108643811970329,0.0026799362312721685,0.0026242284045256085,0.003973683599276801,0.010223635179346883,0.02286909154800225,0.006245082087140286,0.005928254613474069,0.0,0.00106312292358804,0.0022591362126245847,0.0,0.07526310062374768,0.02286909154800225,carrier,0.6610388403310277,0.27109634551495015
2019-06-15,7595,0.0019184267449286747,0.002364341090881777,0.0028762146586083785,0.003037049940938254,0.0050861315026789495,0.008283257329380327,0.023038492010213865,0.0066467748489752974,0.007034866848948214,0.0,0.001163045863506693,0.002106649111257406,0.0,0.0656114605474529,0.023038492010213865,carrier,0.6726625096938752,0.26201448321263987
2019-06-16,7534,0.0022487686823537516,0.0020993498085493897,0.0028258615733407683,0.002806207524393037,0.004353427887857688,0.009120981431964967,0.021675455238430463,0.006900707842741496,0.0055722304979157426,0.0,0.001128218741704274,0.002123705866737457,0.0,0.06037988485886928,0.021675455238430463,carrier,0.6856009704052769,0.2626758693920892
2019-06-17,7655,0.0026139769485722464,0.0018116722937212392,0.0012595360973023952,0.001771591786493735,0.004970928189070415,0.007351461219993849,0.02402006813896156,0.007571965005694704,0.005144376673215814,0.0,0.001219246679730024,0.0023514043109079032,0.0,0.04858638303484341,0.02402006813896156,carrier,0.6741917105825382,0.262050947093403
2019-06-18,7698,0.0028603902863262587,0.0015565273407961199,0.0017955909795334384,0.0018868374759695066,0.004314813854408195,0.005799423487271259,0.02287331665598368,0.006434852272809294,0.005414746135259158,0.0,0.0011474841950290119,0.0022083658093011173,0.0,0.04878687578217558,0.02287331665598368,carrier,0.682183174304529,0.276175630033775
2019-06-19,7676,0.0034067220233649836,0.0022009614770115956,0.002010268545535972,0.0014993104308425108,0.003984846229108508,0.005363258022346044,0.021285834895048886,0.007385011031847136,0.005207997096202142,0.0,0.0010422094841063053,0.0019541427826993227,0.0,0.049733048316933,0.021285834895048886,carrier,0.695930448674855,0.29025534132360603
2019-06-20,7663,0.0029674656695361464,0.002201950973428919,0.0020759769972604177,0.0018040695515871672,0.002579179121400618,0.0058154606290153135,0.020686476878359342,0.007208411662596734,0.005160870380089514,0.0,0.0012397233459480622,0.0022184523032754795,0.0,0.058917323680012616,0.020686476878359342,carrier,0.6977168534688202,0.29492365914132845
2019-06-21,7634,0.0029353010547195834,0.0032286152640285414,0.0020878601237878614,0.0023495620374598017,0.002160599191917845,0.00480796465955541,0.02183834498898688,0.007210655357035323,0.005909924326471219,0.0,0.0011571041830407826,0.0024888656012575323,0.0,0.07746548989424007,0.02183834498898688,carrier,0.6931238305851293,0.31294210112653914
2019-06-22,7649,0.002325258076115968,0.0037471258046572207,0.002152422733262089,0.002001650758606776,0.0014611161857135606,0.005006303392410082,0.023512683950802953,0.007137045196036245,0.005914198527498779,0.0,0.0010023096701093825,0.002483984834618904,0.0,0.08774251614424813,0.023512683950802953,carrier,0.6831052461171794,0.31337429729376387
2019-06-23,7725,0.00162351546533308,0.0034541527803575445,0.0025466952672046025,0.002620561066148809,0.002283679011206781,0.005181399116954699,0.022887896070338257,0.008507803572311299,0.005927814796584137,0.0,0.0010571736785329018,0.002459546925566343,0.0,0.10782733970075381,0.022887896070338257,carrier,0.6820243709298064,0.3067961165048544
2019-06-24,7604,0.0017802033688271877,0.0037372982155351926,0.004415345490756095,0.0036602780973520963,0.001920240562876027,0.005235883251652461,0.024487483987008875,0.010275494319273715,0.0064321225739845615,0.0,0.0010301595651411538,0.002235665439242504,0.0,0.12155924908959959,0.024487483987008875,carrier,0.6887497981483476,0.3019463440294582
2019-06-25,7550,0.002020359350536119,0.003219922893046906,0.0053908217996935315,0.004038257995095756,0.003244413479649101,0.006924019362316429,0.02613782288795772,0.010372147270484055,0.005807110584501725,0.0,0.0010596026490066225,0.002251655629139073,0.0,0.12047874874839437,0.02613782288795772,carrier,0.6806500550310032,0.3
2019-06-26,7498,0.00203519414448304,0.0038509648099995233,0.0044673532246599,0.0033237887391021625,0.004527822756649048,0.007364972915086443,0.026865974812698153,0.008818835169115649,0.005939681364453853,0.0,0.0011114074864408286,0.00240064017071219,0.0,0.10240998612116055,0.026865974812698153,carrier,0.6752871961850474,0.28394238463590293
2019-06-27,7513,0.00240127451355819,0.0035490903461340116,0.004386086723384505,0.0033800275074289043,0.004748153862593757,0.006804857328970862,0.026312088060086464,0.009135964708755792,0.007241468569943837,0.0,0.0010870047473268557,0.001996539331824837,0.0,0.08884187154522948,0.026312088060086464,carrier,0.6734070484510102,0.26926660455210966
2019-06-28,7473,0.0021948238386183937,0.0024514909295823566,0.00392239010192662,0.0042317188791058955,0.005070718852640524,0.007794569680414299,0.024742447075087735,0.009509224478128821,0.006340678127673134,0.0,0.0011597305856639458,0.002007226013649137,0.0,0.08059363361069702,0.024742447075087735,carrier,0.6772467643235465,0.26174227217984747
2019-06-29,7497,0.0024354188012925457,0.003289320092417159,0.004301797231023325,0.004709431276504556,0.005797177473008558,0.007571530341863751,0.022315385459592836,0.009503049757093917,0.005239734550436582,0.0,0.0013338668800853674,0.0017340269441109778,0.0,0.06622261452074421,0.022315385459592836,carrier,0.6829963406701365,0.27504335067360275
2019-06-30,7374,0.002685555564802637,0.0034843953175013975,0.0038932037231835795,0.003995854274468477,0.0066036529325019,0.008453634111852229,0.022659255547688318,0.009611359914053883,0.006796337807950469,0.0,0.0013787180182623633,0.0016273393002441008,0.0,0.042294946578272645,0.022659255547688318,carrier,0.6747054482102819,0.26973148901545974
2019-07-01,7339,0.0028981498874724957,0.0029609828991609194,0.003704186173113617,0.004330350861950804,0.005707729979834289,0.008314261927316607,0.021044913404543595,0.007689350667834524,0.007854876878399938,0.0,0.0012036153881091883,0.0019076168415315439,0.0,0.03029361353833991,0.021044913404543595,carrier,0.6738874335950906,0.2548031066902848
2019-07-02,7295,0.002153770210432161,0.0031830023933094127,0.0030586519775416404,0.002899352858641936,0.0048072498551464,0.007595437786518451,0.022327372616331536,0.007448551346575807,0.008412098101834381,0.0,0.0010966415352981493,0.0016449623029472242,0.0,0.030332372836664102,0.022327372616331536,carrier,0.6917716059889716,0.24208361891706648
2019-07-03,7200,0.0011388505780338455,0.00297997656830151,0.004207723700905488,0.0029017216032023144,0.005981983033950813,0.00670411629562473,0.024544719337327107,0.008707272449148751,0.008338409763831963,0.0,0.0009490740740740741,0.0016666666666666668,0.0,0.026675682396053522,0.024544719337327107,carrier,0.6881058610273968,0.23666666666666666
2019-07-04,6844,0.0005872617286758709,0.003203062542539977,0.004840836126433526,0.0023660114833207093,0.011101919664913959,0.007428681908852018,0.02511380769123001,0.009344383855050679,0.007291746728529862,0.0,0.0007549191505941944,0.0014611338398597311,0.0,0.037764894589208176,0.02511380769123001,carrier,0.6928218346234132,0.23100526008182348
2019-07-05,6657,0.0007133939786455246,0.003435643971589317,0.005168809913367821,0.002241241479889863,0.019886057518611375,0.011060550701652024,0.026360545019211555,0.008438247133072866,0.008921697970700457,0.0,0.0006008712633318312,0.0016523959741625357,0.0,0.06378534236539636,0.026360545019211555,carrier,0.700706260761135,0.22592759501276852
2019-07-06,6541,0.0012292495267732023,0.0036981965888415852,0.005507292223834588,0.002410704742984405,0.018823366764343624,0.012262137914694549,0.029641398923829224,0.009017745519371019,0.007660423124078093,0.0,0.0005860469856800693,0.002140345512918514,0.0,0.07136684619615036,0.029641398923829224,carrier,0.7055993780090175,0.2167864240941752
2019-07-07,6600,0.001746443295048251,0.0027014557512924694,0.004838411668772881,0.002425918036486833,0.013825309572746448,0.008881304293510627,0.02766221538161757,0.008322702589986745,0.008279478854624768,0.0,0.0004797979797979798,0.0021212121212121214,0.0,0.07516464728210334,0.02766221538161757,carrier,0.7131826059070512,0.2224242424242424
2019-07-08,6676,0.0014342071919619937,0.0023872788090395078,0.003597872031147022,0.002043182940729218,0.009713184277131689,0.003861831668037592,0.0252715248112036,0.008761355163316636,0.0070909997120840096,0.0,0.0005991611743559018,0.0017974835230677051,0.0,0.041575835867436774,0.0252715248112036,carrier,0.7130758792995757,0.23981426003594966
2019-07-09,6770,0.002044436909140319,0.0015907562491951999,0.0027914286096999874,0.0016255605223321,0.00678053022627396,0.0030459691006244505,0.026583571429516572,0.009052618026785805,0.0079849177255761,0.0,0.0008124076809453471,0.0022156573116691287,0.0,0.035709974671551126,0.026583571429516572,carrier,0.695192152055649,0.2295420974889217
2019-07-10,6863,0.0017650612176159349,0.0018004023543234792,0.0028445198850223672,0.0016625064628097877,0.0064771694344908145,0.003398519891577045,0.024934927081345225,0.006824772185991415,0.009193178628523261,0.0,0.0009471076788576424,0.0023313419787265046,0.0,0.03256983077725718,0.024934927081345225,carrier,0.7036859450258935,0.2277429695468454
2019-07-11,7158,0.0021646303395835855,0.002489383162375901,0.002334827291668631,0.0024038845755023075,0.005581635519823598,0.00467100307754742,0.024337247885481198,0.00702662164617629,0.008873172262870266,0.0,0.001024494737822483,0.002374965074043029,0.0,0.02208483256955967,0.024337247885481198,carrier,0.7041243789909959,0.25104777870913664
2019-07-12,7372,0.0028006110238287677,0.0030643486834058386,0.002355578963992937,0.0028070337713379002,0.00877858308939498,0.007958782078043734,0.02667012991979804,0.006594639508356342,0.007692743555523024,0.0,0.001288659793814433,0.0020347259902333153,0.0,0.0209659045561994,0.02667012991979804,carrier,0.6946440983328356,0.24864351600651113
2019-07-13,7452,0.001791272291343108,0.002255064633083478,0.002396721708619163,0.0028166361924593262,0.008362565820533553,0.0073898250872122175,0.025504790940815317,0.0063285395544085184,0.0058156651909384285,0.0,0.001185364108069422,0.002012882447665056,0.0,0.019496711988419308,0.025504790940815317,carrier,0.6863505085442675,0.23658078368223295
2019-07-14,7481,0.0023584692822316727,0.002381127256253791,0.0024455394688817473,0.002853688540485842,0.007460012781230084,0.008044251262284509,0.023851797543651777,0.0055115676315681365,0.005394514148218373,0.0,0.0011807690593949116,0.002138751503809651,0.0,0.010630150625919889,0.023851797543651777,carrier,0.6787017664208541,0.22055874883037027
2019-07-15,7557,0.002682080749491927,0.004003656646739328,0.0022564899767101793,0.0015044651820008926,0.009342638296560676,0.009878217502233635,0.024681293517007027,0.006010523341227265,0.0076854387130940545,0.0,0.001455604075691412,0.0023818975784041284,0.0,0.008772389003529295,0.024681293517007027,carrier,0.6678776576705715,0.20788672753738255
2019-07-16,7554,0.002910189003940462,0.003503452182200982,0.002516505358991275,0.0017439148648883348,0.01067618298265148,0.009662235828253748,0.024698046128393065,0.006267047900893353,0.00563900341183673,0.0,0.0014561821551495897,0.0021180831347630395,0.0,0.02023704456080485,0.024698046128393065,carrier,0.6630118048487573,0.2161768599417527
2019-07-17,7648,0.0026285379724247204,0.003964293619979689,0.001962093978142794,0.00177568046690333,0.011040728876620467,0.010898959019309413,0.02645582600120341,0.006505251492516707,0.005654567066489906,0.0,0.0014818688981868898,0.0020920502092050207,0.0,0.04059210484989895,0.02645582600120341,carrier,0.6759386859748532,0.2357479079497908
2019-07-18,7653,0.0029603947488741314,0.003948852022470134,0.0025149620624361534,0.0019160763302526404,0.008543633316934822,0.009553645584651289,0.02593503003083625,0.0056262645552593235,0.0045705793400012615,0.0,0.001459122784093384,0.0020906833921338036,0.0,0.047454149830446615,0.02593503003083625,carrier,0.6731995165149737,0.24447928916764666
2019-07-19,7676,0.002354044306417806,0.0034207868055245996,0.002994923666735166,0.0015826925992011907,0.007405790070866317,0.009659091282219014,0.02688411100260202,0.005452398486451926,0.006356624758023273,0.0,0.0014113253430606217,0.002214695153725899,0.0,0.08172386806408519,0.02688411100260202,carrier,0.6665881609660924,0.2559927045336113
2019-07-20,7587,0.0026295385091650633,0.002981678929105889,0.002269802937526468,0.001268592505707622,0.007835941771950374,0.010619386832258751,0.02700377858946421,0.0058915409428162285,0.009329772140082685,0.0,0.0013180440226703571,0.0022406748385396073,0.0,0.12960776974815308,0.02700377858946421,carrier,0.6575122490650267,0.27033082904969025
2019-07-21,7536,0.002596654028758945,0.0036617366907236923,0.003524908153503995,0.0019267868380607389,0.007720092097483409,0.009782757322344168,0.025654530481142194,0.006108882860530672,0.006374797762238487,0.0,0.001326963906581741,0.0023885350318471337,0.0,0.1580371257482172,0.025654530481142194,carrier,0.6677201671501499,0.28861464968152867
2019-07-22,7458,0.0029749277122372523,0.002792460708593858,0.0018298772376402267,0.001919686827407677,0.005417711884405537,0.007718358322677867,0.023818930183602417,0.005634401021880617,0.0058085908527548006,0.0,0.0010950210065254313,0.002279431482971306,0.0,0.1764849093340442,0.023818930183602417,carrier,0.6834584300584933,0.29686242960579245
2019-07-23,7469,0.004008113061547027,0.0031233896985536844,0.001384342164910634,0.0014075638239370715,0.004745587017075916,0.007470253850229388,0.023044919559908686,0.00688907087095216,0.00617880297639398,0.0,0.0010487793992948631,0.002543847904672647,0.0,0.19493966023073536,0.023044919559908686,carrier,0.6910609776971326,0.3066006158789664
2019-07-24,7430,0.00397382764658313,0.0032259004117722884,0.0018984345400473385,0.0023229858923107007,0.004319913875457976,0.006993890603714728,0.019955064156802937,0.006653016145510017,0.006113903517021792,0.0,0.0010767160161507402,0.002288021534320323,0.0,0.21795898594108026,0.019955064156802937,carrier,0.67019640294036,0.28654104979811573
2019-07-25,7440,0.002889667867406673,0.002066054129681765,0.001989780978606882,0.0023711815532444364,0.0070705641933609675,0.008479785897871538,0.020515149791510232,0.006341519367502287,0.006013677187232115,0.0,0.00114247311827957,0.002150537634408602,0.0,0.2532706996197483,0.020515149791510232,carrier,0.6810194014393116,0.2508064516129032
2019-07-26,7407,0.0031879525428206517,0.0037607882701256473,0.0013667537200433451,0.0023447763074458316,0.006994317127047386,0.007494806053647317,0.019031426235280566,0.005748023939681154,0.006495457875320319,0.0,0.0011700643535394446,0.002025111381125962,0.0,0.2584735328120587,0.019031426235280566,carrier,0.6882172384279407,0.2280275415147833
2019-07-27,7481,0.0023748092094361918,0.003106571079961507,0.0020827169969671773,0.0035429260366880936,0.00616915167136233,0.0080299872986322,0.02094457753614448,0.004601538388297006,0.00791577036776088,0.0,0.001336719689881032,0.0016040636278572384,0.0,0.2532898803244612,0.02094457753614448,carrier,0.6993033034930942,0.2047854564897741
2019-07-28,7541,0.0022775323636999327,0.0031985155827717812,0.0012983422633502425,0.002844819391085,0.006619305048365999,0.009844263717913929,0.025867209919236116,0.005088638109028951,0.008779290981685823,0.0,0.0013260840737302744,0.0014586924811033019,0.0,0.2246257017610822,0.025867209919236116,carrier,0.6851182980110795,0.17994960880519825
2019-07-29,7529,0.0017888153572501457,0.003196038252799161,0.000956978999183483,0.0026993974879162964,0.0070840013708510135,0.01095478865555947,0.028700148613137477,0.006697930377459523,0.009856845052635088,0.0,0.0014167441448620889,0.001461017399389029,0.0,0.22913741982365765,0.028700148613137477,carrier,0.6778920628413301,0.1753220879266835
2019-07-30,7497,0.0029596692775403985,0.0030174705959311386,0.0021201765599734453,0.0035094846737835144,0.006672653702045398,0.011727576889847397,0.027103018929922108,0.006139418706242539,0.009587289377080022,0.0,0.0014005602240896359,0.0014672535680939041,0.0,0.23158447845818922,0.027103018929922108,carrier,0.6799713457208215,0.17286914765906364
2019-07-31,7469,0.0020606763020873655,0.0031427354012134837,0.0018992982963752902,0.0030710155615183655,0.007171687737258024,0.010452867765667066,0.027571708772392747,0.006586201632396383,0.00969768933856247,0.0,0.0014058106841611997,0.0018744142455482662,0.0,0.23820824914512348,0.027571708772392747,carrier,0.6932004891868488,0.18382648279555497
2019-08-01,7443,0.0027629273397046733,0.003794323002894729,0.0022573953016712446,0.0025995700622522496,0.007427209535053036,0.010412913906094987,0.026131652225381503,0.008167779962875814,0.010293993168718861,0.0,0.0015226835057548479,0.0017466075507187962,0.0,0.25931512608819096,0.026131652225381503,carrier,0.7056142667138005,0.21080209592906085
2019-08-02,7506,0.002631896513977234,0.0025978518661051797,0.0020673308054000986,0.002983075897817818,0.006734475791523338,0.01225440320961488,0.02618558231735685,0.008270929994543789,0.009946381338076984,0.0,0.001310063060662581,0.0019984012789768186,0.0,0.29234958655938903,0.02618558231735685,carrier,0.6934527013288361,0.23181454836131096
2019-08-03,7542,0.0028407787117586828,0.0033648297941188824,0.0024302448825746933,0.0027819424833283725,0.0072234584910133475,0.010851890490817171,0.024183729631884646,0.010049710662360632,0.00786707734608646,0.0,0.0011933174224343676,0.0022540440201538055,0.0,0.2766143148317727,0.024183729631884646,carrier,0.6910983409992558,0.2399893927340228
2019-08-04,7503,0.0021989804024207813,0.0037434919453200343,0.0030085162757068334,0.003106169542880606,0.007988695196604502,0.011737486562985152,0.02281164203186654,0.011526830317551529,0.008522284067606675,0.0,0.001221733528810698,0.0023990403838464614,0.0,0.2064879983314788,0.02281164203186654,carrier,0.6867014213329223,0.25203252032520324
2019-08-05,7515,0.0020623692910264756,0.0034997283386510505,0.0035909630639375605,0.004084194054485627,0.008891510742403734,0.012250124450851399,0.023577808764092656,0.010468007531752185,0.008009045405915878,0.0,0.0010201818585052118,0.0025282767797737858,0.0,0.16924193199138887,0.023577808764092656,carrier,0.6821101511133333,0.24231536926147704
2019-08-06,7542,0.0009122461426616451,0.0027730045613652437,0.002448396266259613,0.002727827882314574,0.00973412718488,0.009679837461467139,0.02284985072783946,0.009999491750261562,0.006591971051468767,0.0,0.000994431185361973,0.0022540440201538055,0.0,0.16733607071438888,0.02284985072783946,carrier,0.676293954272413,0.237735348713869
2019-08-07,7551,0.0012899780601688443,0.0025451999722696183,0.002368388573116135,0.0033922988771763187,0.010513280609467351,0.010664278548701257,0.023193235354723278,0.008974033891016586,0.0061647574729336435,0.0,0.0010153180594181786,0.001986491855383393,0.0,0.18262752914240143,0.023193235354723278,carrier,0.6884766986344873,0.24592769169646406
2019-08-08,7600,0.0013525490873389898,0.0023400303576911665,0.0025579722451751514,0.0039145457830266715,0.008627793772161843,0.010402589003616763,0.024500361978803734,0.007834008894863211,0.0069475968842408285,0.0,0.0010087719298245614,0.0025,0.0,0.19731984978341188,0.024500361978803734,carrier,0.6794635982789855,0.24210526315789474
2019-08-09,7600,0.0015988154091399177,0.0036587946181435064,0.002071529383417225,0.003171096070778156,0.009044770476351136,0.008343967143434404,0.02355995890371301,0.007208555889376619,0.0057634391858387484,0.0,0.0012280701754385965,0.002368421052631579,0.0,0.1683864519419106,0.02355995890371301,carrier,0.6898835863685391,0.2275
2019-08-10,7486,0.0021559555589253173,0.002353627623105206,0.0016865733478100332,0.003535802222306006,0.007897353862086124,0.008717683557833412,0.022261134182855795,0.006112860242912833,0.006153045393189189,0.0,0.001179980407872473,0.0024044883783061713,0.0,0.20431291524999518,0.022261134182855795,carrier,0.6831932773109244,0.22254875768100454
2019-08-11,7430,0.002383649449204289,0.0017224044234142803,0.0016430689263925667,0.003585017374209881,0.008644368614847795,0.006799996679719172,0.022789232911483704,0.00573546025364771,0.005144333063983949,0.0,0.0012113055181695827,0.0021534320323014803,0.0,0.29699035280139,0.022789232911483704,carrier,0.6873998915193498,0.2133243606998654
2019-08-12,7486,0.002485370633027854,0.0015684312305937799,0.001700423265762466,0.0030676422580635456,0.008277463047845976,0.00593254345468508,0.02237786581858018,0.006116429417786312,0.0071072421197825,0.0,0.0012912993142755365,0.002003740315255143,0.0,0.37787638420995096,0.02237786581858018,carrier,0.6794222800337822,0.21466737910766764
2019-08-13,7486,0.002773522532880963,0.002233402556837744,0.0015475062171891867,0.0029196254707284943,0.00591747470762808,0.008602079334169387,0.02082474954428236,0.004963876028980674,0.007906494484306432,0.0,0.001246771751714311,0.0021373230029388193,0.0,0.37898429819172047,0.02082474954428236,carrier,0.6792913866829566,0.21867485973817793
2019-08-14,7536,0.002084810869733761,0.0025384268989936936,0.0019143465606419035,0.0027338846207193923,0.006336754455936057,0.007148201417796516,0.019711363584795392,0.004764402483679406,0.007540695995902123,0.0,0.0011721514508138712,0.0021231422505307855,0.0,0.3044281725717743,0.019711363584795392,carrier,0.6509579913052258,0.21536624203821655
2019-08-15,7518,0.002734831009191534,0.0019825931982033855,0.0010684240733653755,0.001601020315658167,0.008534104982659184,0.008443563779820544,0.01904142438062269,0.006086709122045239,0.0070934921822397995,0.0,0.0011749578788684933,0.0017291832934291035,0.0,0.22347962621820117,0.01904142438062269,carrier,0.6418151818209786,0.2065708965150306
2019-08-16,7440,0.002009902596445246,0.0013730092161916053,0.001883770199778131,0.002111288559353564,0.008256904420911256,0.00861247619808282,0.019061660312386947,0.007066671634837536,0.006532258767282899,0.0,0.0010304659498207886,0.0016129032258064516,0.0,0.2179006380141729,0.019061660312386947,carrier,0.6425076127589378,0.21384408602150537
2019-08-17,7581,0.0016814105393053076,0.0019318083347402903,0.0019210682674583165,0.002422943919275011,0.007015828295303939,0.007935117160322587,0.01871144120468545,0.008226184964138343,0.007191585043672098,0.0,0.0011212241129138637,0.0017148133491623797,0.0,0.165340287585426,0.01871144120468545,carrier,0.6535085340726885,0.22530009233610343
2019-08-18,7640,0.0018298583802871908,0.0017563992824966908,0.001957343157480718,0.0015139504803358896,0.006841405006520222,0.009799406798466793,0.018412273627792835,0.007043853325562093,0.007758449369610873,0.0,0.001068935427574171,0.0018324607329842932,0.0,0.11686623889068401,0.018412273627792835,carrier,0.649822710285402,0.2494764397905759
2019-08-19,7565,0.0016992382595837213,0.0021502339615258157,0.0019430872749468678,0.0014588956268056744,0.006159931339534808,0.01006482111448881,0.01866839050314508,0.0058977826706713395,0.007109832794623079,0.0,0.0009693765146508042,0.0018506278916060807,0.0,0.06651130124729154,0.01866839050314508,carrier,0.6799065298570275,0.2635822868473232
2019-08-20,7553,0.0015111346543275753,0.0019695797944437898,0.002809691099730469,0.002749065958961293,0.006685926071353097,0.00793555411732761,0.020896626651337475,0.0059510406254164455,0.008649307318131927,0.0,0.0009488503464407079,0.0018535681186283596,0.0,0.045602856673406404,0.020896626651337475,carrier,0.6883094959298878,0.2740632861114789
2019-08-21,7478,0.002261597014139744,0.0025092508333995783,0.0025708796855324592,0.003274234227334805,0.005861611134353598,0.006765424948811747,0.022031558086930324,0.005938130642097797,0.006506204678163512,0.0,0.0009806543639119193,0.0018721583311045735,0.0,0.02586287721691288,0.022031558086930324,carrier,0.6952666216587766,0.2683872693233485
2019-08-22,7492,0.002039996579642823,0.0022241085634555047,0.002756606300999733,0.0033200148163236806,0.004840103857652425,0.007657571073696871,0.020436004061010968,0.005335928193862539,0.006692525685871651,0.0,0.0008453461470012458,0.002402562733582488,0.0,0.010431994493323108,0.020436004061010968,carrier,0.688958177216628,0.27242391884676986
2019-08-23,7562,0.0020578362471508583,0.0019552977108317307,0.0030061119355389463,0.003993010228992801,0.004938817969444994,0.00871955281908086,0.021331816838685735,0.005838223098695291,0.007300140194803529,0.0,0.0008816009873931059,0.002512562814070352,0.0,0.006754586648480117,0.021331816838685735,carrier,0.6944866713396294,0.27254694525257867
2019-08-24,7433,0.0017866415220727204,0.002057494165783122,0.0022367621765472688,0.00267391088958209,0.005033462260704511,0.00843118845655274,0.02254927743149463,0.007443098789418985,0.006631264164736943,0.0,0.0008296336158572133,0.002152562895197094,0.0,0.01443898878854653,0.02254927743149463,carrier,0.7020076906777348,0.2599219695950491
2019-08-25,7427,0.0025419442790569637,0.0015604633557078328,0.0016490756942671048,0.0029946555468963894,0.005055059703799691,0.007915744760558166,0.020454558106103804,0.006972933613051295,0.006098349981050807,0.0,0.0008527444908217763,0.001885014137606032,0.0,0.03715105672763815,0.020454558106103804,carrier,0.7077125281547978,0.23306853372828867
2019-08-26,7462,0.0022583276222638265,0.0009803542721474588,0.0021179081625656384,0.0027869028872435832,0.005713056376539093,0.008904303153607306,0.016854996595611085,0.008603607454617353,0.007701886588003003,0.0,0.0009157509157509158,0.0020101849370142053,0.0,0.07215486456250832,0.016854996595611085,carrier,0.6950837121337526,0.22259447869203966
2019-08-27,7484,0.0023043240864376742,0.0013510502737933343,0.0018183141096565622,0.001917763313219353,0.005988486541810702,0.010544844849248943,0.015143462580922442,0.007994242012774468,0.007494425673752996,0.0,0.0010912168181008374,0.0020042757883484766,0.0,0.12084381586265684,0.015143462580922442,carrier,0.6641053369891247,0.20269909139497594
2019-08-28,7492,0.0030118227792731043,0.001967429828037493,0.0018491506933912584,0.002154912632923512,0.006246125388648762,0.010972635273506788,0.014891425787213756,0.009304884695353679,0.006755821337605069,0.0,0.0009343299519487453,0.00200213561131874,0.0,0.16111659308174392,0.014891425787213756,carrier,0.6548040284633477,0.19193806727175655
2019-08-29,7513,0.002288005375273208,0.0024142644386433406,0.002031081873594451,0.001681562156184433,0.005194024848247301,0.010661813497897972,0.013477635522930288,0.008483574740751267,0.0056589231031846125,0.0,0.000887350814144372,0.0015972314654598696,0.0,0.16745918549485972,0.013477635522930288,carrier,0.641116887861911,0.17369892186876082
2019-08-30,7485,0.002205654172665927,0.0024209721496016925,0.0018601760335071073,0.0017188084517107947,0.006646917940454079,0.01243329550080538,0.013811363971452432,0.0075835906225589205,0.006333642525250341,0.0,0.0009352037408149633,0.0016032064128256513,0.0,0.0836689604997029,0.013811363971452432,carrier,0.642146234359537,0.16325985303941215
2019-08-31,7389,0.0023427425892450352,0.0022172102900026185,0.0031037485437543774,0.0031077092167825972,0.006043413235142478,0.01196861368040908,0.013843235413855324,0.0055552918670708365,0.006732608332664619,0.0,0.0009022420715477963,0.0017593720395182027,0.0,0.0706669089579812,0.013843235413855324,carrier,0.6360278692124965,0.16226823656787115
2019-09-01,7111,0.0016700145605715582,0.0029422841301214495,0.00306544115388843,0.002495527214287303,0.004316318600791513,0.00922115470369302,0.016717045833498253,0.005987331826704231,0.006274658481386183,0.0,0.0009843903810997047,0.0021094079594993673,0.0,0.06250885635005116,0.016717045833498253,carrier,0.6347454015692215,0.1586274785543524
2019-09-02,6950,0.001953819088466284,0.0032928203292143456,0.002453964702291885,0.002521369872104983,0.003017966823625758,0.00723416943664584,0.01824821074029627,0.0059524058665500635,0.0069129891463343114,0.0,0.0008393285371702638,0.0018705035971223023,0.0,0.043912516879340155,0.01824821074029627,carrier,0.6369400707001425,0.1562589928057554
2019-09-03,6871,0.0018829990138188126,0.002308052563613692,0.0026370909868765327,0.0028816318152787295,0.003298888937290943,0.006101896623649655,0.020478289811357662,0.007095386796925077,0.006359170503628094,0.0,0.0006064134284189589,0.002037549119487702,0.0,0.07041012569570088,0.020478289811357662,carrier,0.6326843621862186,0.16169407655363122
2019-09-04,6817,0.0025464012333684524,0.0024854023884668354,0.0026562171025941612,0.0029672282582349787,0.003906717759895701,0.005197026024514928,0.022400295359728883,0.009163297041232612,0.008467992110828394,0.0,0.0006356657376167424,0.002640457679331084,0.0,0.06375560821375403,0.022400295359728883,carrier,0.6173599281923349,0.15886753703975356
2019-09-05,6723,0.002758342142295595,0.0026587232598593684,0.0018540920230717605,0.001938230359088653,0.0042779859569037,0.0050748572819269725,0.02210641821430376,0.008757338138271785,0.00769895648848041,0.0,0.0007189250830482424,0.002826119291982746,0.0,0.03358077167208636,0.02210641821430376,carrier,0.6162976581156048,0.15261044176706828
2019-09-06,6688,0.002956575211824695,0.0032046256977506073,0.00274534455440086,0.0023771332651809723,0.006656360395816995,0.006464304106386484,0.021087223820000275,0.008358713358816494,0.004487866471007017,0.0,0.00064792663476874,0.002840909090909091,0.0,0.04237363241274168,0.021087223820000275,carrier,0.611709952256233,0.15101674641148324
2019-09-07,6739,0.0032077824544642637,0.003859693002522013,0.0022191345989196337,0.0020120434185853,0.00759258143396647,0.005761826060977097,0.018771231233084867,0.007845503497133616,0.004172945010268233,0.0,0.000717218182717515,0.002819409407924024,0.0,0.044007817024947375,0.018771231233084867,carrier,0.611974857810445,0.1498738685264876
2019-09-08,6955,0.0030448689672688714,0.003059053129130644,0.0019533922885336774,0.002757446022348542,0.0092864972991265,0.007137495322270903,0.019050520672227133,0.008392584574471205,0.005177367972116166,0.0,0.0007907979870596693,0.00301941049604601,0.0,0.03170555688124628,0.019050520672227133,carrier,0.6165773008109657,0.15600287562904386
2019-09-09,7052,0.002750771491882237,0.0025144677867650973,0.002106288244527098,0.002374448184655477,0.012979669472987263,0.007936267083005016,0.020314607371653946,0.007595484999445335,0.005405810519781318,0.0,0.0010635280771412365,0.0029778786159954623,0.0,0.04174500272764398,0.020314607371653946,carrier,0.6011221482889734,0.14917753828701077
2019-09-10,7052,0.0026694180521173376,0.002738143372166984,0.0017242778537763376,0.0026152239009085603,0.010611844319475282,0.009133953208017381,0.019692643420845923,0.007393226243799806,0.006749849592133125,0.0,0.0014180374361883153,0.0028360748723766306,0.0,0.04586202861386755,0.019692643420845923,carrier,0.6059043789185274,0.14322178105501984
2019-09-11,7114,0.0024094542946606298,0.002632262688084388,0.0019375917783522633,0.002868949389369356,0.012699255746391762,0.008420328405789174,0.019422207541720773,0.0066483389176372355,0.008916694042991648,0.0,0.0016633867491331646,0.0021085184143941524,0.0,0.05442129014364762,0.019422207541720773,carrier,0.6208855208834629,0.14619061006466122
2019-09-12,7147,0.0025423227470623183,0.002213223124419636,0.0017695111423298156,0.003954589746864868,0.013128295718116268,0.007989150667721913,0.021611437100573318,0.007360474085971356,0.008557662317830459,0.0,0.0018422648197378854,0.0020987827060305023,0.0,0.10961728514278378,0.021611437100573318,carrier,0.6323728297803999,0.16678326570589058
2019-09-13,7186,0.0019109783690103939,0.0008486679983573453,0.001808811615839388,0.0023304905060041745,0.011637386031862026,0.007830111449459679,0.022590714958462935,0.006366972139507772,0.008318274620355608,0.0,0.002017812413025327,0.0016699137211244085,0.0,0.1460550996933803,0.022590714958462935,carrier,0.6287550972594642,0.17631505705538547
2019-09-14,7164,0.0014731704177970454,0.0008140776128769239,0.001568246739387833,0.0015404301457136323,0.009635564912231031,0.008509349943728838,0.024046426849702606,0.006475629930506981,0.008018266805199589,0.0,0.0020472734040573237,0.0018146286990508096,0.0,0.13794356879321845,0.024046426849702606,carrier,0.627777318647269,0.1774148520379676
2019-09-15,7184,0.001780984123176447,0.0010292855905688649,0.0015137182991062377,0.001147059336455029,0.008648281379581646,0.009152729899168053,0.020432289683232987,0.006401511180510603,0.008301378783928856,0.0,0.0019255753526354862,0.0016703786191536749,0.0,0.13333940327665583,0.020432289683232987,carrier,0.6232283420150081,0.17483296213808464
2019-09-16,7193,0.002113000445649683,0.0009193704822522705,0.002093545809741702,0.00109194530206319,0.007714026508848034,0.009910685905602849,0.021179675221989932,0.007099099441349605,0.008674088113933847,0.0,0.0018073126650910607,0.00166828861393021,0.0,0.17591098851718878,0.021179675221989932,carrier,0.6290486920820763,0.17113860697900737
2019-09-17,7186,0.003031736736485819,0.0014009816114567203,0.0021274229040492668,0.001596832943458676,0.008278594544793658,0.011494240899205619,0.022519959819512797,0.005849140928782421,0.007148260225933724,0.0,0.001577140736617497,0.0016699137211244085,0.0,0.14282864628172454,0.022519959819512797,carrier,0.6319520874605621,0.16420818257723352
2019-09-18,7108,0.0025234138143066295,0.0012203579013448233,0.001161710502775963,0.001687406691503198,0.007544957296120036,0.01199857229781574,0.020413977467214624,0.006143855364301285,0.007689327406124756,0.0,0.0016647908459951229,0.0025323579065841305,0.0,0.14520038596960502,0.020413977467214624,carrier,0.6244944699851567,0.16404051772650535
2019-09-19,7093,0.0018073348842318738,0.0006161602721141887,0.0018837934261900008,0.002759706204846354,0.007110271747839639,0.012689633426782053,0.021060134378291243,0.005815851038264637,0.0076840120373163935,0.0,0.0014803327224023686,0.0022557451008036094,0.0,0.08916692643490015,0.021060134378291243,carrier,0.6273106121405598,0.15903002960665444
2019-09-20,7041,0.003335952534656828,0.000704243237269448,0.002089259717632718,0.0026269231353036764,0.008102767394106354,0.011029658149569497,0.019441892599750016,0.004856355663516396,0.007738167428231615,0.0,0.0014202528049992898,0.002414429768498793,0.0,0.046365097436723055,0.019441892599750016,carrier,0.6407887372335179,0.15509160630592245
2019-09-21,7094,0.003738690246241287,0.0010448476607356628,0.0019462175032891205,0.0027801505204756057,0.009295974226720346,0.009502500523731094,0.017138184512122123,0.004806392078516394,0.0073368191773734055,0.0,0.001362653885912978,0.0023963913166055823,0.0,0.033153916414372375,0.017138184512122123,carrier,0.6353658379252957,0.15491965040879616
2019-09-22,7116,0.004025236909893661,0.0007357909117429908,0.0018772075563431407,0.002886480642547317,0.009773268242877596,0.009079837994944214,0.01743526958078466,0.005360174643066637,0.005489793976247707,0.0,0.001475548060708263,0.0022484541877459247,0.0,0.01559316179477202,0.01743526958078466,carrier,0.6297094990519223,0.1537380550871276
2019-09-23,7125,0.003280976335778073,0.0012593181655311413,0.0019405335077281795,0.0032818667969516744,0.011670602023862066,0.011015281904746219,0.017310005884529626,0.006311067166673549,0.005092550699154186,0.0,0.001497076023391813,0.0025263157894736842,0.0,0.014772376271997095,0.017310005884529626,carrier,0.6193278482614463,0.16014035087719297
2019-09-24,7139,0.0033669146617577392,0.00224785759500007,0.0026889444500050605,0.0033774122504418858,0.012505111215694033,0.00994381780265136,0.017720047395883592,0.005778863631734681,0.00722196311316705,0.0,0.001704253630293692,0.0025213615352290236,0.0,0.03271548605381522,0.017720047395883592,carrier,0.6111460306539406,0.15646449082504552
2019-09-25,7115,0.004496842634569631,0.002179969754643503,0.002887004296894406,0.002855618084058354,0.01346436976162317,0.011585284030803687,0.018645891103471337,0.005667362215733424,0.0080124638979725,0.0,0.0015694542047317874,0.0019676739283204497,0.0,0.05237186584505395,0.018645891103471337,carrier,0.6170318087330702,0.14462403373155305
2019-09-26,7140,0.004169311051284796,0.0018680941770483222,0.0035281375597497615,0.0030500563596491345,0.012154426998339067,0.01041246387543651,0.01790382677522292,0.00599080009370266,0.006156694496601916,0.0,0.0016806722689075631,0.002380952380952381,0.0,0.051316074727390554,0.01790382677522292,carrier,0.6303879791211127,0.13641456582633052
2019-09-27,7168,0.0031502920452148708,0.0010745144279419798,0.0031690481000740175,0.004003196569198888,0.01147176517295943,0.01199447997520432,0.018526298643726208,0.007408208860746777,0.006100110335655456,0.0,0.0016043526785714285,0.0025111607142857145,0.0,0.05455931427201837,0.018526298643726208,carrier,0.6286400689155169,0.13448660714285715
2019-09-28,7157,0.0029186450629400695,0.0015280952526404749,0.003476443076381277,0.004645866172404558,0.013377783622769153,0.010936938037445837,0.017863343145959956,0.007066121365650276,0.007480786969279286,0.0,0.001606818499371245,0.0025150202598854267,0.0,0.03470515679842584,0.017863343145959956,carrier,0.6174721889000023,0.14140002794466955
2019-09-29,7136,0.00333797366115191,0.0017583028619533052,0.0030485117924627446,0.0037848931216251072,0.013064902245341565,0.008822759885626457,0.015683346663318186,0.008020532844881228,0.0073226544880063355,0.0,0.0016349028400597908,0.002522421524663677,0.0,0.011229751760396808,0.015683346663318186,carrier,0.6167685984412591,0.14545964125560537
2019-09-30,7132,0.0035180604212313887,0.0016779486442728168,0.00328467173660633,0.00416257619651661,0.010822647161595287,0.006800988116750468,0.016504187685163756,0.007364190790624655,0.007212890821731943,0.0,0.001518975509441017,0.0025238362310712283,0.0,0.01482863994644525,0.016504187685163756,carrier,0.6224566737067071,0.14091418956814358
2019-10-01,7087,0.0033003852050705633,0.001790884113381788,0.0031200032042413765,0.003360441721431178,0.011384197594964418,0.00669136468006396,0.01553999628907328,0.00782572818339887,0.00643732595090922,0.0,0.0015991721932176286,0.0023987582898264428,0.0,0.052703073688076925,0.01553999628907328,carrier,0.6307099027280161,0.1419500493862001
2019-10-02,7215,0.0022331966553880366,0.001201258263634769,0.0019279217144100066,0.003181815788249854,0.01204290921639747,0.0064152135736327935,0.015604250698178584,0.007337955444119067,0.007560822325392986,0.0,0.0015708015708015709,0.0026334026334026333,0.0,0.07748384249551063,0.015604250698178584,carrier,0.6453093222389885,0.14816354816354815
2019-10-03,7197,0.00201649684261112,0.0013751583236137354,0.002241597003212847,0.004029089711453832,0.01013339941168067,0.0054661200096138545,0.016762562123241995,0.005671934238002164,0.009068853500751754,0.0,0.0013663100365893196,0.0020842017507294707,0.0,0.11569897191321066,0.016762562123241995,carrier,0.6368175248614019,0.1468667500347367
2019-10-04,7244,0.0024122410531076405,0.0023538844145562783,0.0027381508739194598,0.003076091597640679,0.011706727999369027,0.00515997474390841,0.016728121630065387,0.006147135188805787,0.010377189958103588,0.0,0.001150377323762194,0.0017945886250690225,0.0,0.1955803963174202,0.016728121630065387,carrier,0.6373175913545563,0.14191054665930425
2019-10-05,7211,0.002725933206085178,0.0026644449028780572,0.002011447450361295,0.0028955190119533776,0.01025334025439116,0.006258252360217833,0.0174214935781568,0.0062517728526233106,0.009275828919596895,0.0,0.0012712060278278557,0.0019414782970461795,0.0,0.21034138101590566,0.0174214935781568,carrier,0.6430263766286277,0.1347940646234919
2019-10-06,7242,0.0026597830349114424,0.0024252353595987353,0.0013801161005509428,0.0022838675821124704,0.009084851559948467,0.007489459411818144,0.01872219108576099,0.006218995496654498,0.009575428223008067,0.0,0.001081653318604437,0.0016570008285004142,0.0,0.21729348636832335,0.01872219108576099,carrier,0.6444057894585051,0.13352665009665837
2019-10-07,7264,0.0030561702186596863,0.002577694190025646,0.0011709495987042495,0.0015050352360484016,0.010396227114845027,0.009412141624073675,0.017384105716035783,0.005339235358234146,0.010579900008064247,0.0,0.0011013215859030838,0.0013766519823788547,0.0,0.16429578657741906,0.017384105716035783,carrier,0.6494805252909583,0.13518722466960353
2019-10-08,7365,0.0020370971692841872,0.0025905428863064635,0.0013405181921384403,0.002090315858247487,0.009702789446652597,0.010173993491116367,0.016950433494404397,0.0038965952848899503,0.00877559283197162,0.0,0.0006788866259334691,0.0012219959266802445,0.0,0.12838433819013925,0.016950433494404397,carrier,0.6538764858456789,0.13374066530889342
2019-10-09,7317,0.0020017859353993776,0.0030618823556723606,0.0017912480695661652,0.0018252255356719545,0.008028361754239056,0.009701773782394802,0.01714129748121095,0.004618214063265035,0.007028861984784539,0.0,0.00045556011115666713,0.000956676233429001,0.0,0.14325965373621485,0.01714129748121095,carrier,0.6501385842949629,0.13653136531365315
2019-10-10,7368,0.00190882153798483,0.002991358688839017,0.0013721531893265476,0.001467815474037252,0.011265891209618843,0.009570525122469578,0.016217406505713548,0.00559292185962751,0.006115718420569439,0.0,0.00040716612377850165,0.0009500542888165038,0.0,0.12767890508198682,0.016217406505713548,carrier,0.6503364664284205,0.15350162866449513
2019-10-11,7323,0.0011215436979370472,0.002498732851574344,0.000885675003606222,0.0020238276062225593,0.010958667399618415,0.01063652553462676,0.01647169775295536,0.005161720989962218,0.005229224213828563,0.0,0.0004551868542036506,0.0013655605626109518,0.0,0.08037777263764995,0.01647169775295536,carrier,0.6504406866631025,0.17697664891437936
2019-10-12,7319,0.0013809282346213018,0.002734299372247708,0.0011433736218837611,0.00237118472632861,0.011245485396482895,0.010054525794639,0.016623467130706056,0.005040354554151748,0.00572029557762954,0.0,0.0004554356241745229,0.0015029375597759257,0.0,0.06200829628501438,0.016623467130706056,carrier,0.6429322069877416,0.17748326274081158
2019-10-13,7328,0.0013785999394128412,0.0028827038980739354,0.003107229201644887,0.004448415867337791,0.012022964771489706,0.010539303009024545,0.01572327977267518,0.006158378843251619,0.006144763770765531,0.0,0.0005458515283842794,0.002183406113537118,0.0,0.04030934580887579,0.01572327977267518,carrier,0.633387425260567,0.17385371179039302
2019-10-14,7363,0.0012733932568710566,0.002973972787907136,0.0019214690202524467,0.003914573920802473,0.012928634064597554,0.009064444175061132,0.016021459737121976,0.006681546168406289,0.006268992547371026,0.0,0.0004300783195255557,0.0020372130924894744,0.0,0.009766725067909243,0.016021459737121976,carrier,0.6183355808392316,0.16922450088279234
2019-10-15,7341,0.001375810240711363,0.003418464458001099,0.0018306144689965423,0.004124734039691603,0.012781793337765825,0.008733558506437818,0.016772674442950827,0.005927930601227158,0.005557626434052715,0.0,0.0004086636697997548,0.002179539572265359,0.0,0.005115872132274959,0.016772674442950827,carrier,0.6090142827983608,0.17109385642283068
2019-10-16,7346,0.001121802716046142,0.0023086770372972368,0.0012481161292656302,0.003515080775100741,0.014015353051822336,0.00936784681147122,0.018008032546722723,0.004844675762168627,0.0048347874501732035,0.0,0.00043107360014520374,0.002450313095562211,0.0,0.008227442975256922,0.018008032546722723,carrier,0.6038226660600512,0.1779199564388783
2019-10-17,7283,0.0016664404995498114,0.0016373640575103828,0.0020901382987022574,0.0042700093271661995,0.015193091977811796,0.009245542919467203,0.01665177990544168,0.005174447417563292,0.0055802422267886434,0.0,0.0004805711931896197,0.002746121103940684,0.0,0.016031029353861387,0.01665177990544168,carrier,0.6302549161627752,0.16682685706439654
2019-10-18,7327,0.0017045220950544524,0.001349819290966657,0.0010170224947579436,0.002427741822749021,0.013883405109666503,0.009198464607732597,0.017393063306414887,0.004798530173187532,0.005501241634859129,0.0,0.00047768527364542104,0.002320185614849188,0.0,0.0168238104681654,0.017393063306414887,carrier,0.6370449632277058,0.13948409990446295
2019-10-19,7321,0.0015764919970484197,0.001708567399413756,0.001459253857759248,0.0021841993223505867,0.012934944438225212,0.009527794222011983,0.016854226709974513,0.004726090453410802,0.005362289095768979,0.0,0.00036424896416700813,0.0019123070618767928,0.0,0.01804995073305812,0.016854226709974513,carrier,0.6272116740634077,0.14383280972544735
2019-10-20,7305,0.0014977957619128793,0.0017259607659534453,0.0007879825523215644,0.001881892874534666,0.01493592667395325,0.008600178863590163,0.019605463683101135,0.004476373729365084,0.004822628753600371,0.0,0.0002737850787132101,0.0012320328542094457,0.0,0.02143447946287266,0.019605463683101135,carrier,0.6391439974569986,0.15742642026009582
2019-10-21,7200,0.001457615533881868,0.001666602360609929,0.0014275204211920498,0.0013042239440649583,0.01592300777883646,0.010754321397516942,0.018293962171568853,0.005060858424488587,0.006527757298724736,0.0,0.0002777777777777778,0.0018055555555555555,0.0,0.017210776890858072,0.018293962171568853,carrier,0.6412221516137508,0.18375
2019-10-22,7087,0.0013523366260603917,0.000992518201595302,0.0018907337655417484,0.0007987817833591665,0.014301907907475,0.010696555177728578,0.017050832147406974,0.00517299572628744,0.006312983207655989,0.0,0.0003762758101688538,0.0019754480033864824,0.0,0.013167242014264571,0.017050832147406974,carrier,0.6501389643018194,0.19302949061662197
2019-10-23,7071,0.0014894265006286426,0.0013633501341257415,0.0011788706197250706,0.0009311369357026842,0.011145290347055919,0.008952390716902618,0.017326163869207083,0.005213204587192623,0.005790772489452597,0.0,0.00035355678121906376,0.0016970725498515061,0.0,0.01244809533883317,0.017326163869207083,carrier,0.6632459540797493,0.18441521708386366
2019-10-24,7120,0.001987735402601225,0.0015841551786145527,0.0017024513644828079,0.001133370292514749,0.008453646544645399,0.00969334168353317,0.02075730252260902,0.006710457836417638,0.007130120894933033,0.0,0.0003745318352059925,0.0016853932584269663,0.0,0.06337708965588963,0.02075730252260902,carrier,0.6551166102176813,0.18707865168539325
2019-10-25,7057,0.0018183312299931834,0.000818828388326339,0.001677627209506084,0.001351330232899451,0.008668301236871873,0.008585058014862474,0.019736600454912257,0.006659141801957847,0.006635270006853381,0.0,0.0003542581833640357,0.0018421425534929858,0.0,0.09508784158338963,0.019736600454912257,carrier,0.6649105925676975,0.19880969250389685
2019-10-26,7096,0.0017956843141355484,0.0011131126851735749,0.0020936545333777724,0.002158902940934064,0.010992484770277233,0.009218916820773951,0.018348446727221284,0.006862447143713199,0.0067750922625060455,0.0,0.00025836151822623073,0.001972942502818489,0.0,0.12297916119294432,0.018348446727221284,carrier,0.6740828072735213,0.20011273957158962
2019-10-27,7052,0.0014825499717623354,0.0017673494308379312,0.0017404487810124274,0.00262543201019666,0.009816025882695431,0.008814462968376513,0.018358089460371766,0.00640249968650544,0.00802257063245601,0.0,0.0002836074872376631,0.002127056154282473,0.0,0.17216151268620367,0.018358089460371766,carrier,0.6693864990375943,0.19965967101531482
2019-10-28,7095,0.0022119576340599812,0.0023284764604329495,0.001324144816379446,0.003097743067103695,0.00642882739053749,0.010502604912081314,0.019616391571699584,0.005987861051950108,0.007668970568032165,0.0,0.0004463237021376556,0.001973220577871741,0.0,0.26420565740078844,0.019616391571699584,carrier,0.6521288496139556,0.18224101479915433
2019-10-29,7157,0.0037305435132801643,0.003047336230195554,0.0010658171349650447,0.0037313865353234546,0.004942071515008811,0.012475385790504648,0.021594213743272653,0.008300231697360574,0.0075205533589701576,0.0,0.000395882818685669,0.0019561268687997764,0.0,0.30265234680295994,0.021594213743272653,carrier,0.6397883830551566,0.19225932653346375
2019-10-30,7128,0.0023450188886495003,0.0027286312647737793,0.0016563113496239484,0.003961088079872213,0.006751524418091024,0.013599878858721775,0.021523035366400867,0.010168025613798745,0.007345465622792335,0.0,0.00044425738870183313,0.001823793490460157,0.0,0.2823620812236674,0.021523035366400867,carrier,0.6355015504310685,0.21941638608305275
2019-10-31,6979,0.0031902656562053373,0.004235173248365718,0.002221979516658052,0.004177782987247003,0.007585836392822633,0.020635371520934538,0.019372734921631836,0.009804258413142983,0.006513946174604896,0.0,0.0003820986769833309,0.0018627310502937384,0.0,0.28278019456795356,0.020635371520934538,dest_hour_load,0.6266466056946796,0.2296890672016048
2019-11-01,6905,0.0038763643726565005,0.005397617543007346,0.0016417837437279381,0.003972741484270967,0.009312688238619386,0.022161949760057052,0.02049013974705473,0.009373969088611782,0.0049353958309526404,0.0,0.00043446777697320784,0.0020275162925416364,0.0,0.3038512006037204,0.022161949760057052,dest_hour_load,0.6189071846394801,0.22418537291817522
2019-11-02,6875,0.002778819492943387,0.005479745695412925,0.0019534441206506934,0.004508195294719653,0.009838506574192137,0.022716273328576106,0.019329869857694384,0.008518820772732211,0.0052788153525398975,0.0,0.0005818181818181818,0.0023272727272727273,0.0,0.30539603930601444,0.022716273328576106,dest_hour_load,0.6240181024729271,0.21745454545454546
2019-11-03,6955,0.0021718684606680055,0.006023036594683281,0.0017128704909433088,0.004375118453985724,0.011253326432590239,0.02043659186973373,0.017831458454095367,0.009131194335045051,0.006429170780174296,0.0,0.0005990893841361131,0.0023005032350826744,0.0,0.32646224349404074,0.02043659186973373,dest_hour_load,0.6197781687846204,0.19769949676491733
2019-11-04,6970,0.00268303268117753,0.005771292965325033,0.0018278953811596739,0.0044086360637705015,0.009630238950841079,0.015153177900744384,0.017044668933999974,0.007746483013513604,0.005279342682972078,0.0,0.00047824007651841227,0.0022955523672883787,0.0,0.23145085661776346,0.017044668933999974,carrier,0.6097092091099194,0.18680057388809182
2019-11-05,6947,0.0030096181506569643,0.005065214942129669,0.0016073175231810434,0.004565678891463209,0.010917070349945667,0.009565054134240443,0.0160304370827622,0.007635700341863474,0.006189993519974543,0.0,0.00043184108248164676,0.002159205412408234,0.0,0.17163149527700228,0.0160304370827622,carrier,0.6125832609325225,0.16568302864545847
2019-11-06,6970,0.0029997325264294406,0.004316905688829469,0.0015436644595866026,0.005620882983839882,0.008866600915304272,0.008509679911051681,0.016167493760632198,0.0062533711608104324,0.005304634502470301,0.0,0.0003825920612147298,0.0022955523672883787,0.0,0.16430649077200604,0.016167493760632198,carrier,0.616091753717204,0.1345767575322812
2019-11-07,7157,0.0022969388560283607,0.002281991491090544,0.0014960106010822056,0.006683224752079135,0.010389754526633044,0.0024264126815031896,0.016891771586978126,0.005720386799431616,0.004944768616136918,0.0,0.0003493083694285315,0.0022355735643426015,0.0,0.10388631438748563,0.016891771586978126,carrier,0.6480282646886034,0.12547156629872852
2019-11-08,7261,0.0010023487740793123,0.0019679138747402966,0.0025518846244891756,0.007567004860975131,0.010815334217503598,0.0022993603231786846,0.01667196151430242,0.006501741139275874,0.006087141359663485,0.0,0.0002983978331726576,0.002616719460129459,0.0,0.015091059210610687,0.01667196151430242,carrier,0.6479090334418579,0.12711747693155212
2019-11-09,7249,0.000853080630369469,0.0011317768089169039,0.002672973734461783,0.00846963686757508,0.010336668078388159,0.0022711433688984745,0.01927083669123119,0.008080996489448447,0.00646924626993858,0.0,0.0003908585092196625,0.0024831011173955028,0.0,0.024668341754458742,0.01927083669123119,carrier,0.6457057064217683,0.12815560767002346
2019-11-10,7135,0.0012330301299215232,0.0007707033409484985,0.002353972064387347,0.00829930135205354,0.008806662167928499,0.0033175411393470645,0.018479790297292496,0.00846859005768948,0.007397993097768047,0.0,0.000350385423966363,0.0025227750525578137,0.0,0.034707280701823884,0.018479790297292496,carrier,0.6385114775558552,0.13062368605466013
2019-11-11,7167,0.002057740215792962,0.000830865819197692,0.0019176404612882036,0.007532552996820316,0.011110221779715098,0.003058161362149615,0.016766659854611093,0.008648896493186252,0.006575804011873923,0.0,0.00039533044974652344,0.0025115110925073253,0.0,0.03961421035218605,0.016766659854611093,carrier,0.6430220378720574,0.16771312962187807
2019-11-12,7196,0.002114727216057384,0.0015975370506543247,0.00271487102032251,0.008458421168485445,0.011750567079944855,0.0032155174563154795,0.01729261721303298,0.007365639845161582,0.006825169545312013,0.0,0.00044005929219937003,0.003057254030016676,0.0,0.04676188767696556,0.01729261721303298,carrier,0.6361500559155876,0.1895497498610339
2019-11-13,7186,0.001222031902443232,0.0016789017768210322,0.002324239361131941,0.007511188960659877,0.012178870430157694,0.002549208211205461,0.018208733171570884,0.007487921952393362,0.0077863408484696185,0.0,0.00044067167640783004,0.00320066796548845,0.0,0.05851877886597323,0.018208733171570884,carrier,0.6248543846826227,0.19440578903423322
2019-11-14,7146,0.002100976785758572,0.0010896663178963722,0.002270442870655437,0.007163169218483069,0.012136511342367776,0.002558524309545241,0.01736941371068141,0.00737643687249505,0.00684616240936669,0.0,0.0004897844948222781,0.003498460677301987,0.0,0.08056587420502527,0.01736941371068141,carrier,0.5986458818224136,0.1849986006157291
2019-11-15,7123,0.0018590130162197747,0.000934081670540569,0.0014900383663359567,0.005610318079925505,0.012111219651559672,0.0016034071403657774,0.01854460562109177,0.006719148889072843,0.00561230716741042,0.0,0.0004913659974729749,0.003088586269830128,0.0,0.06569152792443624,0.01854460562109177,carrier,0.6015386935585475,0.18012073564509337
2019-11-16,7158,0.002035865179370543,0.0015775118966381986,0.001089550884022236,0.005742243016020775,0.01252887234174654,0.001674977051779548,0.017898166161001792,0.005864771176971025,0.004562544183018055,0.0,0.00032597559839806276,0.002654372729812797,0.0,0.07697795552117487,0.017898166161001792,carrier,0.6004247261211915,0.17742386141380273
2019-11-17,7244,0.0015435635528969576,0.0015346551586070294,0.0010087813211462266,0.004751638670003675,0.013364261773779432,0.00191490730616328,0.018712054603985735,0.006470498318633935,0.003584566849525974,0.0,0.0003681207436039021,0.002622860298177802,0.0,0.09730595247939541,0.018712054603985735,carrier,0.6029745553664947,0.17973495306460519
2019-11-18,7179,0.0012264229038959282,0.001592015237999821,0.0013859404810748432,0.005776402691816455,0.014818784519630007,0.0024055707152689206,0.022027312833964727,0.005272393156310403,0.004989872866095301,0.0,0.00032502205506802247,0.002785903329154478,0.0,0.07408012444375174,0.022027312833964727,carrier,0.6167941225851528,0.1521103217718345
2019-11-19,7177,0.0016354768209920082,0.0018091712937700834,0.0012859600725167867,0.0060632625801310775,0.014920598537946824,0.0030483750665262306,0.023470383499898426,0.00677383466853459,0.006376213614186951,0.0,0.00034833495889647487,0.0030653476382889785,0.0,0.034071482799860914,0.023470383499898426,carrier,0.6220752023037828,0.13362129023268776
2019-11-20,7194,0.00211644124071097,0.0015875552314278637,0.0017117512703595998,0.006900764701408831,0.017049149157242358,0.004278584797750776,0.02565795772305552,0.00767373649424956,0.006657336616726709,0.0,0.0003706792697618386,0.0029190992493744786,0.0,0.008393655417457116,0.02565795772305552,carrier,0.6236840861963999,0.13247150403113706
2019-11-21,7203,0.0020742203436873463,0.0013273561328740733,0.0014133615915656549,0.007150436984220686,0.015913750108258642,0.005844747254495467,0.02320828659487211,0.00673184545134552,0.008424588718540797,0.0,0.0003702161136563469,0.0026377898098014717,0.0,0.05058802416871136,0.02320828659487211,carrier,0.632219419082706,0.13327780091628488
2019-11-22,7229,0.0022370449223584484,0.0011980468400659826,0.0015181456474031537,0.00737739603724457,0.01325843408292847,0.004977208107014228,0.022542698364678194,0.006418335435960831,0.00839104050201696,0.0,0.000599437451007516,0.0023516392308756398,0.0,0.11253804459261568,0.022542698364678194,carrier,0.6357261608462317,0.13681007054917693
2019-11-23,7262,0.0018115482028147976,0.0014646208994097442,0.0019286826958799447,0.006875663656228837,0.011285391625027005,0.004748995871603856,0.022097256775492836,0.006367494626424165,0.008725172950741574,0.0,0.000550812448361333,0.002754062241806665,0.0,0.11715242297751656,0.022097256775492836,carrier,0.6282879502505736,0.13673919030570092
2019-11-24,7208,0.0010373709004589996,0.0013694111043659122,0.0016506949019265051,0.007936042369181107,0.012430635586840872,0.004288200549186836,0.019122122644798515,0.005703913165176187,0.007191191525659505,0.0,0.0005780614132445431,0.002913429522752497,0.0,0.12545077758564113,0.019122122644798515,carrier,0.6214351543379371,0.13304661487236405
2019-11-25,7190,0.0015713020715033797,0.0018004031424744009,0.0012192286287896954,0.008208853500701397,0.01096907606264327,0.005415935682822817,0.015590749815767727,0.005941370060503331,0.007704535098174967,0.0,0.0006722299490032452,0.0029207232267037552,0.0,0.14026898160420959,0.015590749815767727,carrier,0.6000442256964708,0.12531293463143253
2019-11-26,7208,0.0017099357361284196,0.002048885969600894,0.0014369512474832339,0.00879267680796882,0.009956300842394808,0.006035534634478935,0.016248280029068786,0.008036680217219148,0.006287308058341082,0.0,0.0006936736958934517,0.0020810210876803553,0.0,0.1268805859172534,0.016248280029068786,carrier,0.5890834468722141,0.13179800221975582
2019-11-27,7310,0.00186350002191623,0.002444276124448071,0.0014525084258124362,0.007384105171526463,0.008072672162315848,0.003648160746633454,0.014533214034851315,0.006114917243038903,0.0059804750558375445,0.0,0.0007751937984496124,0.0019151846785225718,0.0,0.11850504990543989,0.014533214034851315,carrier,0.5924447989081554,0.14528043775649796
2019-11-28,6843,0.0035826176514849946,0.004169804419784144,0.0017180467550714463,0.006891188603022085,0.007083360882240862,0.00470917428484151,0.015150732844651037,0.007196798351715506,0.005627439364340048,0.0,0.0009011642067319401,0.0021920210434020165,0.0,0.11957683832855459,0.015150732844651037,carrier,0.592211981469916,0.14204296361245067
2019-11-29,6574,0.003959334056257266,0.004633430110865631,0.0021562437465455714,0.006647130806971505,0.011246001233744718,0.007940650637732591,0.015553342687239138,0.00830983480473834,0.007248393527746419,0.0,0.0006591623567589493,0.0027380590203833284,0.0,0.2012610823225047,0.015553342687239138,carrier,0.5820186143839394,0.1410100395497414
2019-11-30,6700,0.0030862931551169236,0.004146603746559737,0.0035989385546906266,0.00837561618533427,0.00921195243295594,0.005167070558544797,0.015960814869250155,0.0062378390468519436,0.007471079047993826,0.0,0.0007711442786069652,0.002835820895522388,0.0,0.2185612099839801,0.015960814869250155,carrier,0.6058665866064474,0.17343283582089553
2019-12-01,6796,0.0021566752439133837,0.004420742541079747,0.0038534995780969165,0.00783993716659977,0.008554814474334621,0.00296658783809436,0.01631735796460093,0.007690726686145507,0.00721132050827129,0.0,0.0008338238179321169,0.002942907592701589,0.0,0.1018403299547248,0.01631735796460093,carrier,0.6384962482805283,0.2164508534432019
2019-12-02,6815,0.003326313427533273,0.004977137125964619,0.003630337080326497,0.006300586393623473,0.007203014504118418,0.0020386417201875705,0.014456979700000736,0.006092039475316733,0.006069720986168135,0.0,0.0008804108584005869,0.0026412325752017607,0.0,0.015436329522992892,0.014456979700000736,carrier,0.6627091385276951,0.2507703595011005
2019-12-03,6849,0.002244312426560578,0.004746475172581197,0.003401297496878829,0.006647521642290856,0.008059846419698166,0.002503711621253972,0.013969810666692553,0.007318970457282574,0.004792841331765515,0.0,0.0009490436560081764,0.0029201343261790044,0.0,0.009353683161187199,0.013969810666692553,carrier,0.6646677790716358,0.2566798072711345
2019-12-04,6706,0.0025712504310865104,0.004878696844287763,0.004462561140747356,0.006923019679416067,0.006657942230579659,0.0039819935215186265,0.012307687241213694,0.006384868958392022,0.005851789246834343,0.0,0.0008698677800974252,0.0028332836266030423,0.0,0.019166310332171727,0.012307687241213694,carrier,0.6625211962386311,0.25589024753951684
2019-12-05,7114,0.0009411931858110437,0.0025366488165807373,0.004001301643227415,0.006141955768734348,0.007104835739090941,0.003768335035734181,0.012897513873506726,0.007815364484344106,0.006326639167223886,0.0,0.0007496954362290319,0.002951925780151813,0.0,0.008246699538042232,0.012897513873506726,carrier,0.6501205786082943,0.24908630868709586
2019-12-06,7367,0.002268255029060063,0.0024726363252477535,0.004125999085103089,0.005853006992339438,0.007089245382226142,0.003728853298255808,0.016240826165494108,0.008854415488427431,0.004993122254667196,0.0,0.0007465725532781322,0.002986290213112529,0.0,0.020464831559377717,0.016240826165494108,carrier,0.6534421931111464,0.24623320211755123
2019-12-07,7190,0.001993807878559897,0.0028741088203926503,0.003216713561881247,0.004296320460460704,0.004480287004591082,0.005078384856020782,0.015203253824733538,0.008911140724321524,0.005044698652757023,0.0,0.000602688919796013,0.0026425591098748263,0.0,0.014001499107841348,0.015203253824733538,carrier,0.670797478428866,0.22225312934631433
2019-12-08,7096,0.0015292660606481502,0.001614877374728077,0.0023318202226890942,0.0057123137972369745,0.003376553614764507,0.003529439015694165,0.01417122849968603,0.008377004247905537,0.0055403423673770595,0.0,0.0004932356257046223,0.002395715896279594,0.0,0.014993319724300834,0.01417122849968603,carrier,0.6538546095862359,0.18728861330326946
2019-12-09,7033,0.0015536407460490773,0.0016926137658551809,0.002048854514624393,0.005433686157610061,0.002835096385845475,0.0022750452373563354,0.017801065354697648,0.007737430026334149,0.005558658758161859,0.0,0.00033176927816484195,0.0028437366699843596,0.0,0.07371758424213379,0.017801065354697648,carrier,0.6201553436624261,0.17588511303853263
2019-12-10,6946,0.001216062557841516,0.0020316371622337145,0.0023367156423814593,0.005125073148099343,0.00289918595998188,0.0024449311876255137,0.01640637414195214,0.006890722873525975,0.004994883343829279,0.0,0.00028793550244745177,0.002735387273250792,0.0,0.1072471082657504,0.01640637414195214,carrier,0.6265181253503841,0.17261733371724733
2019-12-11,6943,0.001525348997410091,0.0010644993831086668,0.001873505686063234,0.004799656373122964,0.0031424540305897103,0.001783052827240394,0.020235925581405505,0.007425252369397847,0.005277929288545643,0.0,0.00028805991646262423,0.002880599164626242,0.0,0.11529769752021293,0.020235925581405505,carrier,0.626093150560406,0.17758893849920784
2019-12-12,6947,0.0012386037127433184,0.0006964412019999641,0.0016430461180433913,0.005970186490957407,0.0029360553178297767,0.00227190637071793,0.020936107590354573,0.007426314183720788,0.004568420604488732,0.0,0.00023991171248980374,0.0025910464948898804,0.0,0.1566295078760926,0.020936107590354573,carrier,0.6268424364512092,0.18454008924715704
2019-12-13,6900,0.0011637008992446945,0.001671458669956569,0.002108485385298564,0.006234980782245662,0.002834000798263932,0.0023211792146955765,0.020311701694840128,0.007187776826906759,0.004941367319921401,0.0,0.0002173913043478261,0.002463768115942029,0.0,0.13896843783554041,0.020311701694840128,carrier,0.6251241675527449,0.1936231884057971
2019-12-14,6854,0.0013804342145067928,0.0021966989706580582,0.002420005502330896,0.006666303345517112,0.003213482889581118,0.0019002383734626309,0.02100185867377451,0.007527697443914022,0.005721868109950495,0.0,0.00024316700710047662,0.0027721038809454335,0.0,0.12691984400189246,0.02100185867377451,carrier,0.6208598606120803,0.2045520863729209
2019-12-15,6902,0.0016214039096715028,0.003008989571806113,0.003459843424516049,0.006541061413937968,0.00346595014716626,0.0016894786930496536,0.020816145740674485,0.006436072144013997,0.006198692291667532,0.0,0.0003139186709166425,0.0028977108084613156,0.0,0.13295038467925968,0.020816145740674485,carrier,0.6330912115920767,0.2099391480730223
2019-12-16,6878,0.0013283659224915983,0.0035734729273954754,0.0036838802088813476,0.007890647069165695,0.0036296660346600705,0.001875147200172754,0.02093655828815582,0.008005135746836475,0.007143376573277323,0.0,0.0003634777551613841,0.0027624309392265192,0.0,0.1470754296333683,0.02093655828815582,carrier,0.6142140590128635,0.20994475138121546
2019-12-17,6801,0.0014460110220425484,0.0026299499238640577,0.0029579704697064203,0.007338045278574381,0.0042085401303123965,0.002334836818264227,0.020652458994976423,0.008169064269318531,0.00735187405448125,0.0,0.00029407440082340834,0.002499632406998971,0.0,0.16663707268966133,0.020652458994976423,carrier,0.6081194825732603,0.22393765622702544
2019-12-18,6820,0.0011138180243529206,0.002141341625100835,0.0034101176621007655,0.00969125980289782,0.004117818622778904,0.0020581139199888827,0.020180041982816428,0.0082883087837162,0.005921276895327643,0.0,0.00026881720430107527,0.0026392961876832845,0.0,0.15938995891520913,0.020180041982816428,carrier,0.6226456061988697,0.22052785923753665
2019-12-19,6874,0.0013796524908025977,0.0031038399414332766,0.0023829808235837774,0.010049059083642377,0.004343294154599017,0.00250881799500289,0.019624300406817896,0.008365187414599675,0.006680702703715258,0.0,0.00031519736204053923,0.003054989816700611,0.0,0.08462513976625988,0.019624300406817896,carrier,0.6237091106386924,0.22796043060808846
2019-12-20,6902,0.0013857353366679213,0.0019153280399726504,0.0028768990666672737,0.011075890821552825,0.005367217786963291,0.0033825477504031524,0.018281197597750463,0.007066805841353663,0.006860672047095583,0.0,0.00038636144112817543,0.0028977108084613156,0.0,0.02907170868418149,0.018281197597750463,carrier,0.6204431697264123,0.22413793103448276
2019-12-21,7060,0.001076233139145932,0.0012444401430052865,0.0026514483689527735,0.011947727962383184,0.004435111715419496,0.0023015646612553156,0.018983252844094307,0.007087307100630922,0.006148365402000084,0.0,0.00037771482530689327,0.002974504249291785,0.0,0.016791601350915446,0.018983252844094307,carrier,0.622352539569066,0.22223796033994334
2019-12-22,7034,0.0023014108400411693,0.0017744242221641158,0.0021408501825429227,0.010969527344913603,0.00384755135140921,0.002170266824771552,0.01980198854474641,0.00846765318445268,0.006325520279633119,0.0,0.0004975831674722775,0.002701165766278078,0.0,0.007300479828151579,0.01980198854474641,carrier,0.626664749357269,0.2368495877168041
2019-12-23,7092,0.0027228821142381543,0.0022271983500170172,0.003143666418574709,0.012949417977465663,0.00385578055739638,0.0037275155775717693,0.018655280697299177,0.009657588462870308,0.006173140533104551,0.0,0.0005875164504606129,0.0023970671178793006,0.0,0.008420751123261086,0.018655280697299177,carrier,0.629588081514131,0.2398477157360406
2019-12-24,7038,0.002783398156173952,0.0026719137451312594,0.005276246795373635,0.01591836697674723,0.0029457855756121675,0.004070818239599738,0.02097998529644703,0.011097198659261157,0.00591797382054896,0.0,0.0006393861892583121,0.0025575447570332483,0.0,0.01870626536121763,0.02097998529644703,carrier,0.6363141792980069,0.22051719238420006
2019-12-25,6847,0.0021976201805101714,0.0026978874916248957,0.005794143645250197,0.016460348116074656,0.0062255676588876966,0.006928590875849369,0.021186297347917573,0.010724437575645349,0.0064658521584936325,0.0,0.0007059052626454408,0.0021907404702789543,0.0,0.014635835372598705,0.021186297347917573,carrier,0.6405211692158164,0.20403096246531327
2019-12-26,6787,0.0018057000241710275,0.002103875716478794,0.0060135268467124674,0.01728068927999402,0.00564380025991403,0.008460165319227754,0.023142719433144703,0.011440174379938687,0.005797262669111535,0.0,0.000908599774077894,0.0017680860468542803,0.0,0.008912094502287514,0.023142719433144703,carrier,0.6333138406690935,0.20274053337262413
2019-12-27,6863,0.0011561972591903177,0.0018862629147693062,0.006894881603278334,0.01851962173744701,0.0057061014103035445,0.010519949584233664,0.023768376490107584,0.010458140978093357,0.00687690692593945,0.0,0.0009471076788576424,0.0020399242313856912,0.0,0.005120215446597158,0.023768376490107584,carrier,0.6162115374991082,0.19918403030744572
2019-12-28,6940,0.001567256624790452,0.0009881623227367797,0.008956052279858108,0.02118110006762908,0.0076782549775146845,0.008805541126703176,0.021676784514806074,0.01321525914267865,0.007902978899299739,0.0,0.0009365994236311239,0.001729106628242075,0.0,0.010738568976247764,0.021676784514806074,carrier,0.6236078969045402,0.21412103746397695
2019-12-29,6984,0.0013188437641038085,0.0008666938590635724,0.009501824029744173,0.02156706441951899,0.009606428610088568,0.009534068623549656,0.022149273790381258,0.010897743130415206,0.007447566699145024,0.0,0.000978426880488736,0.001718213058419244,0.0,0.01290072907936586,0.022149273790381258,carrier,0.6185118478331607,0.21348797250859106
2019-12-30,6947,0.001660798334127054,0.001039109353892367,0.008747092230460935,0.018096673986214735,0.010037716304773814,0.011908175065267545,0.022260934932944978,0.010377936386425849,0.00872914730083268,0.0,0.0009836380212081954,0.0018713113574204694,0.0,0.015595900699873483,0.022260934932944978,carrier,0.6258316789316297,0.21117028933352527
2019-12-31,6937,0.001265027339900769,0.0008237098664587865,0.008337217763425287,0.01866627239336447,0.011012387960910008,0.009572511326553394,0.019833088208694158,0.00852187687074756,0.009674888653482988,0.0,0.0008889529575705155,0.0024506270722214215,0.0,0.015319311678770403,0.019833088208694158,carrier,0.6229233598475616,0.21507856422084476
2020-01-01,7069,0.0014082088536628767,0.0009231247039049023,0.007996040192044678,0.016072637824804215,0.01067078116400545,0.007006084179847499,0.019076163575024133,0.00908017624119935,0.010840132067447624,0.0,0.0009666619512425143,0.003112179940585656,0.0,0.05939987231318981,0.019076163575024133,carrier,0.5977647244933252,0.2189842976375725
2020-01-02,7052,0.0015936600795774217,0.0011450642901151904,0.00765562867711544,0.015584765896465794,0.009809463386718132,0.005700046595414806,0.017846309378922637,0.008976897914244988,0.011394245920387264,0.0,0.000732652675363963,0.003119682359614294,0.0,0.10811595571569967,0.017846309378922637,carrier,0.5855381550369875,0.21057855927396482
2020-01-03,7030,0.001471936817893535,0.0009148653097975596,0.007977926409453811,0.015318637018021313,0.006875680020272998,0.007415355894114134,0.017803976474759987,0.010387964968984906,0.010227365820664433,0.0,0.0007112375533428165,0.0029871977240398294,0.0,0.1135157779068878,0.017803976474759987,carrier,0.5921130413020591,0.2150782361308677
2020-01-04,6904,0.0014762378076914246,0.001076699210392902,0.008163634258868952,0.0149498632858322,0.010006671979989381,0.011116679716069788,0.020557459318479777,0.010012042125385572,0.009958517239890202,0.0,0.0007242178447276941,0.003331402085747393,0.0,0.08296826573642684,0.020557459318479777,carrier,0.5824998777389032,0.20799536500579374
2020-01-05,6837,0.0012543392812209182,0.0010157725403561147,0.008702844315691528,0.017488859236011702,0.007745841604187429,0.01041050388347874,0.020258190585084573,0.011149276293390124,0.009549308900456447,0.0,0.0005119204329384233,0.0033640485593096387,0.0,0.04803063343628125,0.020258190585084573,carrier,0.5855574882796342,0.18984934912973525
2020-01-06,6862,0.0014072966693548762,0.0016583892574102146,0.007141393558494588,0.016287449899109473,0.007424005261818047,0.008148962957138696,0.020328389568867334,0.009410050100721325,0.010106018252045407,0.0,0.0004371903235208394,0.0030603322646458758,0.0,0.06997146436091575,0.020328389568867334,carrier,0.5859579911938926,0.16802681433984262
2020-01-07,7002,0.0012068228320053496,0.0018897332383842388,0.006007864789465498,0.014800720995247162,0.00565387620827951,0.007843249667237064,0.018855659475876193,0.008059643282470778,0.00833121155006319,0.0,0.0005950680757878701,0.002713510425592688,0.0,0.08783163760275202,0.018855659475876193,carrier,0.59544313381777,0.15695515566980864
2020-01-08,7028,0.0009071406252613807,0.002254236615714822,0.005408803716866232,0.015352961359148109,0.004396568722922994,0.008551510164249763,0.01937442869721693,0.005522676963806589,0.007889710854966078,0.0,0.00049800796812749,0.00298804780876494,0.0,0.061760045679132534,0.01937442869721693,carrier,0.6151771482891634,0.1531018782014798
2020-01-09,7003,0.001863722810309065,0.001944575549070468,0.004602475273423464,0.01512290966169632,0.0030970309111902927,0.006604637974993208,0.020150585929494952,0.005150000658911151,0.008653379829639563,0.0,0.0005949831024798896,0.003141510781093817,0.0,0.03619441862092242,0.020150585929494952,carrier,0.626370647595633,0.14350992431814935
2020-01-10,6907,0.002357998128371763,0.002104392376683127,0.003412861318557956,0.014204023057107627,0.003777545816842355,0.004145527904850989,0.02050039775526089,0.005359539121291074,0.008362002395339923,0.0,0.0007721635056223155,0.0030403938033878673,0.0,0.12674739339371618,0.02050039775526089,carrier,0.5825109969746777,0.14304328941653396
2020-01-11,6831,0.0028000178201643983,0.003048625833265509,0.0027082122178228403,0.013643069209167896,0.002659483532712544,0.003982150397021576,0.019969003028157302,0.007307902476929167,0.009710796161224645,0.0,0.0007563558288195969,0.002488654662567706,0.0,0.16160442364734337,0.019969003028157302,carrier,0.521893624180078,0.1516615429658908
2020-01-12,6806,0.002529052688180599,0.0028910475155716287,0.001775135280758386,0.010664814371156218,0.003683039774468566,0.005624987469121005,0.018569356231605792,0.007652995589202716,0.008971136231643556,0.0,0.0007591340973650701,0.0029385836027034967,0.0,0.10634472913363102,0.018569356231605792,carrier,0.5355965640806717,0.15868351454598884
2020-01-13,6783,0.0025708831345543186,0.003068990582933325,0.0021607933155803824,0.011648193804250084,0.003560094053313295,0.005064799376451027,0.018785199244784518,0.006799883571967944,0.007020995410705517,0.0,0.0008599931200550396,0.0030959752321981426,0.0,0.084955248181303,0.018785199244784518,carrier,0.5454506141075172,0.16791979949874686
2020-01-14,6726,0.0025638334185040437,0.0032394579099235764,0.0025129137930961862,0.009126064278907576,0.004433092688023537,0.005092138859898475,0.017735858351930776,0.006695396296019007,0.00648831821946612,0.0,0.0007433838834374071,0.0029735355337496285,0.0,0.08101292936786568,0.017735858351930776,carrier,0.5406279575051288,0.1729110912875409
2020-01-15,6679,0.0011216393386491324,0.003094329363780072,0.002623310648638426,0.00715500748727681,0.00374302274952908,0.006780224500860852,0.017886495743880043,0.007965660665381893,0.004980699269493244,0.0,0.0007486150621350501,0.0019463991615511305,0.0,0.09251429151034497,0.017886495743880043,carrier,0.535716282178004,0.1700853421170834
2020-01-16,6717,0.000648930616559414,0.002305383787689933,0.0027290795404887928,0.007010130659149274,0.00611960518401089,0.006904937138601678,0.016841777141606618,0.008568666164165656,0.00532091655843088,0.0,0.0007443799315170463,0.001786511835640911,0.0,0.0721500110323572,0.016841777141606618,carrier,0.5494381015514087,0.1930921542355218
2020-01-17,6798,0.0011175169819808064,0.0020698479962164146,0.0020230532579139527,0.008021037281202273,0.00558118042617123,0.00791433538993614,0.017079561931400453,0.008200420558050316,0.005984941854790326,0.0,0.0005393743257820927,0.00176522506619594,0.0,0.012903902361323034,0.017079561931400453,carrier,0.5630145620684883,0.19991173874669022
2020-01-18,6756,0.0016485062925800597,0.002118341727768391,0.0018469951618731786,0.007928658846365415,0.005600411178266481,0.009321620557901757,0.01819744668935615,0.007803975759001189,0.006479640430953989,0.0,0.0005180580224985198,0.0025162818235642394,0.0,0.038766543238091034,0.01819744668935615,carrier,0.6127179389785248,0.18738898756660746
2020-01-19,6634,0.002689312361740323,0.002893578396351109,0.0025330084124645315,0.007788221457812237,0.004409528088551313,0.008725038071659934,0.0214050192990939,0.007222718756001668,0.005764592448152231,0.0,0.0004773389609084514,0.002411817907747965,0.0,0.025881167528746588,0.0214050192990939,carrier,0.614769527720534,0.17666566174253845
2020-01-20,6630,0.0026217467596918688,0.003251872884920258,0.0021350597183842873,0.006605551087896123,0.006131511222803554,0.009527074373502394,0.022051731997832537,0.006713344828383025,0.004873092453388216,0.0,0.0003770739064856712,0.0022624434389140274,0.0,0.024688781683720087,0.022051731997832537,carrier,0.6002839497314636,0.16380090497737557
2020-01-21,6664,0.0028995183051974353,0.0030051207886381028,0.0013035333970965765,0.006205318794501228,0.006589041624790036,0.009374008660275806,0.021571799246656663,0.007948786664046359,0.004078412170198824,0.0,0.0003251300520208083,0.0024009603841536613,0.0,0.046098710813956875,0.021571799246656663,carrier,0.5902534472824139,0.1593637454981993
2020-01-22,6691,0.003108385791276593,0.002541294796408441,0.001099889703571182,0.007262561124491512,0.007473657841786108,0.007253773244995606,0.021648031211382944,0.01059221065447941,0.005532096877987115,0.0,0.00032381806406615854,0.0028396353310416976,0.0,0.13647555962176783,0.021648031211382944,carrier,0.5636588341519672,0.15916903302944255
2020-01-23,6717,0.003386015680753104,0.00409366036555397,0.00122148355755148,0.00565363784497285,0.00714093073910607,0.008975169320475443,0.02315953005172396,0.00993240681632807,0.006276597607046039,0.0,0.0002977519726068185,0.003424147684978413,0.0,0.21782679951119283,0.02315953005172396,carrier,0.5556046020960581,0.14217656691975583
2020-01-24,6675,0.0031146876885117633,0.003992665205164982,0.002300104834897796,0.0068120029535283545,0.006051194657093559,0.00815969662034351,0.023777203674211475,0.01137853698911435,0.005482842385233213,0.0,0.00034956304619225965,0.003895131086142322,0.0,0.1279353880157991,0.023777203674211475,carrier,0.5425831733624833,0.12689138576779027
2020-01-25,6635,0.003436878373640862,0.003887813294813591,0.0022073652793239327,0.008099237736795713,0.004568599619334107,0.008834391616818848,0.02352004029777234,0.009591960755360437,0.007736615867124351,0.0,0.00037678975131876413,0.00346646571213263,0.0,0.10593797587201853,0.02352004029777234,carrier,0.5436307586157693,0.11348907309721176
2020-01-26,6804,0.0029201028375111186,0.0041445584022961265,0.0027022378069291603,0.007673230496273315,0.004508234965060728,0.008988322709551919,0.02301493064051275,0.009035015781493514,0.008456696484277104,0.0,0.0004409171075837742,0.003527336860670194,0.0,0.159108249688504,0.02301493064051275,carrier,0.5433316973908906,0.1111111111111111
2020-01-27,6856,0.0037129690573934745,0.0038988093862851354,0.0030191883456566404,0.007955792725826522,0.00503671777455843,0.008589637944625684,0.024140575771615515,0.010185342640669252,0.008187654254145468,0.0,0.00038895371450797355,0.003646441073512252,0.0,0.11121173530567373,0.024140575771615515,carrier,0.5468967159240979,0.11697782963827305
2020-01-28,6849,0.004276767354252136,0.004241084079868668,0.0038987688191337204,0.009741438209643941,0.003779696369198137,0.009047580998518441,0.026387311732502337,0.009516858101474172,0.008397411907679902,0.0,0.00041368569620869227,0.0036501679077237553,0.0,0.044871626611931274,0.026387311732502337,carrier,0.5641676362366806,0.11636735289823331
2020-01-29,6910,0.004870139074386501,0.004743569198826741,0.0034512068718931584,0.00945430293868807,0.004534355628543488,0.007510889473668341,0.026044672690320996,0.009787779955655725,0.006736751110089869,0.0,0.000361794500723589,0.0034732272069464545,0.0,0.006173960523624593,0.026044672690320996,carrier,0.5912031335437431,0.11374819102749638
2020-01-30,6868,0.00475595255390107,0.002990181550235691,0.0032452872263069653,0.010249321250393772,0.00564057106425814,0.0065422681593913234,0.026734710729550207,0.009417714115642706,0.006702429674511245,0.0,0.0003640069889341875,0.002766453115899825,0.0,0.09739942136053775,0.026734710729550207,carrier,0.5890310684550543,0.10876528829353524
2020-01-31,6863,0.00324121949375203,0.0027276765908912583,0.0026516966681267465,0.011239844026867942,0.004962430833348918,0.006131862941691646,0.022247993637799324,0.008135863926313111,0.00811861261077788,0.0,0.0003399873718976152,0.0023313419787265046,0.0,0.24579903781700302,0.022247993637799324,carrier,0.5692290655279955,0.10593035115838555
2020-02-01,6903,0.002248329612000829,0.0024350572854082786,0.003712397223082786,0.01148977401677648,0.005436432103301613,0.0053033092709119205,0.021730523049997005,0.009716365386878999,0.007331569547765358,0.0,0.00041044956299193585,0.0023178328263074024,0.0,0.18477995770172967,0.021730523049997005,carrier,0.5609120490403698,0.10415761263218891
2020-02-02,6796,0.001587690987538669,0.0031858807798682237,0.0031380813113774967,0.010932960820939306,0.00631964101946838,0.006199846109336169,0.020806029959755248,0.010916549564478038,0.007172315038091515,0.0,0.0003678634490876986,0.0022071806945261918,0.0,0.1711290457078472,0.020806029959755248,carrier,0.5571002318752327,0.10432607416127133
2020-02-03,6768,0.0011514533466341565,0.002479746909335383,0.0036084867615731177,0.011292996744879541,0.004156616205611693,0.004459337959685748,0.019274956829585844,0.011477203186998264,0.006765329748334738,0.0,0.0005171394799054373,0.0019208037825059101,0.0,0.18662028168965183,0.019274956829585844,carrier,0.5577333364930067,0.10150709219858156
2020-02-04,6769,0.0011519470457803456,0.002448837747314336,0.00306337663415703,0.011333948677543641,0.004391894662842656,0.004155680533342582,0.018355996062588427,0.012287715971267512,0.005511674916166691,0.0,0.0005909292362239622,0.001625055399615896,0.0,0.18536113152398048,0.018355996062588427,carrier,0.546600185483949,0.10045797015807358
2020-02-05,6699,0.001443124140121347,0.0012703936156199084,0.003788320308510398,0.012003023895112631,0.003695280495826005,0.004419346721887305,0.016848910937771296,0.009459072384446605,0.005596277794836223,0.0,0.0006219833806040703,0.0017913121361397223,0.0,0.0674163487231847,0.016848910937771296,carrier,0.5433054138667639,0.11076280041797283
2020-02-06,6675,0.0017638362411288898,0.0011396305504598931,0.003538749864196897,0.011420988444274274,0.0026369310375012507,0.003981796938169543,0.016384379579915963,0.008469407001287482,0.005840059740508976,0.0,0.0007990012484394507,0.001947565543071161,0.0,0.012822294912251724,0.016384379579915963,carrier,0.5345781910543659,0.1605992509363296
2020-02-07,6672,0.0023163722732162523,0.0015768856461068784,0.0031498353841914774,0.010972595795887163,0.004282656719706197,0.0043592854117001254,0.017273338074429493,0.009624708449578833,0.004397637824264958,0.0,0.0008243405275779376,0.0022482014388489208,0.0,0.03292371880383649,0.017273338074429493,carrier,0.5489788699904654,0.20113908872901679
2020-02-08,6675,0.0024958336654435603,0.0017110901917655257,0.0020612731418960914,0.010823295667110358,0.004045290738785699,0.003492266732050216,0.01805433867383502,0.009917384821396185,0.003928558458365598,0.0,0.0007990012484394507,0.002696629213483146,0.0,0.028900519742025947,0.01805433867383502,carrier,0.5487669220535848,0.2041947565543071
2020-02-09,6732,0.0027226619548728435,0.0024567667516196693,0.0036993002036052698,0.01372830407640562,0.0036637426443322744,0.001975018543477506,0.019404194724617622,0.008523094047180341,0.00517103213991789,0.0,0.0008417508417508417,0.0025252525252525255,0.0,0.043983479583630684,0.019404194724617622,carrier,0.5670571594078979,0.22177658942364825
2020-02-10,6716,0.0022518309024373933,0.0025410093287492374,0.003423223544714126,0.01322587097328819,0.005124236670105218,0.002858552725025796,0.01927352347667665,0.00710439264936721,0.004711901817533933,0.0,0.0006452253325392098,0.0031268612269207863,0.0,0.031103535774285134,0.01927352347667665,carrier,0.5716986206631576,0.2279630732578916
2020-02-11,6759,0.002947936913129944,0.0026252062003458538,0.002538436649279161,0.01274954273971318,0.005673060097463804,0.002248732522756738,0.019110535377166865,0.007829883841242042,0.005886082253942361,0.0,0.0005424865611283721,0.0032549193667702325,0.0,0.016613753779629602,0.019110535377166865,carrier,0.5806303350918744,0.2310992750406865
2020-02-12,6845,0.003464233555653248,0.002891257917360945,0.002785962474386409,0.011355534523511665,0.00610311440732302,0.0018779309867556421,0.020881526724986336,0.007223928616121674,0.005217964485470756,0.0,0.0005600194789383979,0.0029218407596785976,0.0,0.01598168789967091,0.020881526724986336,carrier,0.6150570503046137,0.23243243243243245
2020-02-13,6876,0.002923695973341826,0.0027807575896659615,0.003247383298160769,0.012608923454856027,0.006552635687441194,0.001957054180872746,0.02187638228392135,0.006408537942560749,0.005325519199012281,0.0,0.0004120612759356215,0.0024723676556137287,0.0,0.004812881386306286,0.02187638228392135,carrier,0.62979280289626,0.22658522396742292
2020-02-14,6898,0.0025210544543496074,0.003222280589751149,0.0021223041228480557,0.011616162495420456,0.007166253058205063,0.002041190576017145,0.021184244162211138,0.004886421294587382,0.005988644863233435,0.0,0.0004590702619116652,0.0021745433458973617,0.0,0.006080517747428641,0.021184244162211138,carrier,0.6104905895513599,0.19048999710060888
2020-02-15,6956,0.0022893563469225196,0.002956729645086667,0.0034545642725613856,0.013141239640262254,0.006189155764068873,0.0025391026698507843,0.02122727516122025,0.004521894594695056,0.00804047768439074,0.0,0.0004312823461759632,0.001437607820586544,0.0,0.010836441716929202,0.02122727516122025,carrier,0.6204408085138211,0.1860264519838988
2020-02-16,6895,0.001766853237737433,0.0014355406034118972,0.0037048557232685223,0.012107531468876515,0.006330377737810725,0.004233533760041599,0.020422305455634695,0.004317276756754114,0.010421790289259363,0.0,0.00038675368624607205,0.001305293691080493,0.0,0.06654253192202206,0.020422305455634695,carrier,0.6092457000634884,0.16765772298767223
2020-02-17,6974,0.0021489260015659156,0.0014196332712368824,0.004313811313402054,0.012824605907737065,0.0061945145938986325,0.004701048752422837,0.01913406995862066,0.005037080076965666,0.011046057654414684,0.0,0.0003823726221202562,0.0012905075996558647,0.0,0.014941075695963093,0.01913406995862066,carrier,0.5955125982627731,0.16303412675652423
2020-02-18,6981,0.0028747003668092496,0.0008940188596926897,0.0046044886813328195,0.013863244575226833,0.004288676940857639,0.004780466608479951,0.01701078852874389,0.005556573266142636,0.010764757082293169,0.0,0.0005013608365563673,0.0015757054863200115,0.0,0.025217188614762326,0.01701078852874389,carrier,0.5794011750489703,0.16817074917633576
2020-02-19,6972,0.003276289257725055,0.001012563420545928,0.0034915527575049166,0.015368811674854299,0.005542283003629352,0.0034742184275540367,0.017166572865205027,0.006472445845557776,0.010701617156566636,0.0,0.0006693440428380187,0.002438324727481354,0.0,0.08957523139993745,0.017166572865205027,carrier,0.569785386660147,0.1593516924842226
2020-02-20,7059,0.0026486156320220935,0.0009296484099526355,0.00339622674821615,0.017007373496255765,0.005031883485616103,0.003283166944142115,0.016385187923819038,0.006498056142013166,0.010523480360724785,0.0,0.0008735892713793266,0.003116588751947868,0.0,0.11571441780556446,0.017007373496255765,sched_minutes,0.5906275021505404,0.12480521320300327
2020-02-21,7109,0.00242981200315833,0.0009061265847112579,0.003562919120788008,0.016828175480222304,0.00391891221956638,0.0027339439389695444,0.017733861757581276,0.005912645615070988,0.008409420940793227,0.0,0.0007502227223707038,0.0028133352088901393,0.0,0.1061572464405712,0.017733861757581276,carrier,0.5836704742950207,0.1191447460964974
2020-02-22,7117,0.0017315113382831478,0.0015156917434555632,0.0024201014670736723,0.015605079608436457,0.004327180074685149,0.002570644706469676,0.017184412821169264,0.005890114873416215,0.00798794937595352,0.0,0.0007493794201676737,0.0032316987494730924,0.0,0.10494556846070603,0.017184412821169264,carrier,0.5794170423441231,0.12069692286075594
2020-02-23,7266,0.0012723381138365383,0.001912599162074658,0.002946859741855382,0.016991182974007105,0.006104383973504793,0.0015258971768253046,0.017438659803543366,0.006536352439983727,0.006985939616995759,0.0,0.0008028259473346178,0.0038535645472061657,0.0,0.13319837939098497,0.017438659803543366,carrier,0.5801787369466214,0.12001101018442059
2020-02-24,7291,0.0008496527763101673,0.0027051725838488742,0.003804483702549643,0.016746114229869727,0.005676557471572081,0.001991757293045843,0.017834152472116813,0.0068120354090578745,0.0073022404158259195,0.0,0.0009829470122982673,0.0038403511178164863,0.0,0.07660274657049465,0.017834152472116813,carrier,0.5842374482959256,0.11685639829927308
2020-02-25,7340,0.0006723324290083351,0.0022382159428682865,0.0024291911698984207,0.015103140224541515,0.006806130519165691,0.0016449223618513486,0.01888447656365497,0.006943878829087604,0.006751920740665686,0.0,0.0011126248864668483,0.003542234332425068,0.0,0.03792042227944102,0.01888447656365497,carrier,0.5864052840655336,0.11103542234332425
2020-02-26,7311,0.0008384939153465204,0.0025932619349842935,0.0034697246575877893,0.01501707623329758,0.0048549962138643675,0.002886147327442606,0.016916445305780757,0.006616064175576404,0.008486848374328733,0.0,0.0010030547576710892,0.003282724661469019,0.0,0.031186725005388452,0.016916445305780757,carrier,0.5727042741492865,0.12460675694159486
2020-02-27,7241,0.0007121730981527926,0.0024235996797429653,0.004464571889111127,0.01591267504500715,0.00529798057185279,0.0029437022658131288,0.017150426392607925,0.005641587497538037,0.007126588306748317,0.0,0.0008746489895502463,0.003038254384753487,0.0,0.08022764113446001,0.017150426392607925,carrier,0.5678030369340761,0.12443032730285872
2020-02-28,7218,0.0006392402420206681,0.0023656646875379857,0.003736533210727449,0.015780787560435713,0.007031602630461471,0.0034346285617339613,0.017242977490958555,0.006219734504456487,0.008999728945190797,0.0,0.0009467073058095502,0.0036021058464948737,0.0,0.06067893924979807,0.017242977490958555,carrier,0.5681663053812445,0.1228872263784982
2020-02-29,7195,0.0004423119706939351,0.0033725169756422184,0.003374668785824219,0.015518377458574475,0.007070383809583887,0.003172550322235348,0.01709453202972971,0.005463043069645478,0.008994300052102949,0.0,0.0009034051424600417,0.0034746351633078527,0.0,0.04503429971993013,0.01709453202972971,carrier,0.5650462791518942,0.1231410701876303
2020-03-01,7141,0.0007830193605363393,0.0032836280150628726,0.002562405546252874,0.013786250355891642,0.006535906821577019,0.003544418232444001,0.016995481732541808,0.006321993149080432,0.008640766153560166,0.0,0.0008635578583765112,0.0032208374177286093,0.0,0.05133106155739187,0.016995481732541808,carrier,0.5731068044053615,0.12617280492928162
2020-03-02,7068,0.0009413992982963401,0.0032509437017873375,0.0029429853576370926,0.014585150567249199,0.007305711792659644,0.005522902965156689,0.015453412067310443,0.006600618883913852,0.010031065200232685,0.0,0.0009903791737408036,0.0028296547821165816,0.0,0.024966118956243347,0.015453412067310443,carrier,0.5649808531215874,0.12620260328239954
2020-03-03,6992,0.0011044815999266871,0.0032035834230933436,0.0032307898455793335,0.014583092675756104,0.007697305035381634,0.00430984611684884,0.014785279853551722,0.007938761336756469,0.010952266447598632,0.0,0.0008819603356216628,0.002860411899313501,0.0,0.02974926838065712,0.014785279853551722,carrier,0.5635630014933847,0.12342677345537757
2020-03-04,7070,0.001063509595714566,0.0023535795482348557,0.003906271935656819,0.01381677632355114,0.0065738174923421905,0.004511518243940097,0.0165878016207444,0.007577049136436484,0.009064915317220878,0.0,0.0009665252239509665,0.0024045261669024044,0.0,0.028447531997540132,0.0165878016207444,carrier,0.5705245163242081,0.1181046676096181
2020-03-05,7136,0.0012856168683047934,0.001571372357443831,0.004613111568574642,0.012068767751826616,0.006412777227084753,0.005900460617489953,0.016188803282174664,0.007536881615151194,0.009187155854442379,0.0,0.0010743647234678624,0.002662556053811659,0.0,0.0300403949451754,0.016188803282174664,carrier,0.5601071207773886,0.11154708520179372
2020-03-06,7117,0.0014285680336998717,0.0015709845898511901,0.0047796920884002345,0.011398845121077266,0.004732900426040814,0.005744573085411396,0.01715513525638777,0.00720365301728712,0.008034881314892184,0.0,0.00119432345089223,0.0025291555430658986,0.0,0.04066015120380445,0.01715513525638777,carrier,0.5778462004739076,0.11310945623155824
2020-03-07,7153,0.0011666816712541553,0.001553950604376721,0.004814619051292107,0.011557037503186943,0.00541582580250117,0.005583517947124499,0.017861008265108815,0.00791655071089216,0.008490803510914377,0.0,0.0012116128430961369,0.0023766251922270375,0.0,0.05512013468276111,0.017861008265108815,carrier,0.5898293895329751,0.10890535439675661
2020-03-08,7171,0.001690082399239464,0.0020670592065197176,0.005452153944263765,0.012110257223351262,0.00507246679213358,0.004634658855383056,0.01682094047933265,0.009986667300436144,0.009296548585603154,0.0,0.0012085715613814902,0.0022312090363965976,0.0,0.06792672560547572,0.01682094047933265,carrier,0.5862960946009025,0.10375122019244178
2020-03-09,7211,0.0021375544770174623,0.0016483187930509805,0.004835191571052148,0.011728789471000768,0.005046783708864527,0.00420178233228298,0.017346152331879815,0.009882784025695465,0.006501288847703192,0.0,0.0013405445384366476,0.0023575093606989323,0.0,0.11581777936949125,0.017346152331879815,carrier,0.5942413190258018,0.09915407017057273
2020-03-10,7285,0.0014417412009117628,0.0018556725060487537,0.004089189040090691,0.011588428514829281,0.007207349007353922,0.0034908428957392407,0.016046331155303108,0.009153589667745024,0.006410140704227505,0.0,0.0015099519560741249,0.0024708304735758407,0.0,0.08543635779331189,0.016046331155303108,carrier,0.6071300559535853,0.10157858613589568
2020-03-11,7281,0.0009929566124325352,0.002020884170657818,0.003957003912605106,0.010739465018561281,0.008088842010170254,0.0027473201640888663,0.01562747828846215,0.008258169315574288,0.006506698291464827,0.0,0.0014878908574829466,0.002472187886279357,0.0,0.0982190878713449,0.01562747828846215,carrier,0.6107385263782396,0.0931190770498558
2020-03-12,7329,0.0017489520011497882,0.0014363552073927068,0.002967453404654057,0.009247893491627504,0.006700289350001687,0.002674973735395409,0.016658540184089073,0.007877123024057388,0.006415739038453174,0.0,0.0014099240460271978,0.0024559967253376994,0.0,0.10229699335260395,0.016658540184089073,carrier,0.6169452581628807,0.09619320507572657
2020-03-13,7410,0.001900408852555636,0.002098328735133669,0.003228804581825393,0.008246991348138309,0.00759579648924973,0.001758457352668448,0.01749649585325609,0.008666628935807687,0.008237651226326203,0.0,0.001417004048582996,0.0021592442645074223,0.0,0.08923113846412982,0.01749649585325609,carrier,0.6173271288886897,0.11794871794871795
2020-03-14,7487,0.002102611786298153,0.0018173264271420303,0.004301021084259646,0.009109333112283104,0.008634054890302433,0.001977619691146991,0.01720558031831228,0.006652360412691634,0.00960384548325998,0.0,0.0015359957259249366,0.0020034726859890477,0.0,0.09306406560503812,0.01720558031831228,carrier,0.5994467979793568,0.12621877921731
2020-03-15,7532,0.0017580194524775905,0.0012515421934885976,0.0053386505886019965,0.00931672806826136,0.00796511543200358,0.0015034695314293622,0.01730180402343021,0.006326584398227634,0.008726154618316077,0.0,0.0015932023366967605,0.002124269782262347,0.0,0.10708285648320456,0.01730180402343021,carrier,0.5978943313031809,0.13223579394583113
2020-03-16,7568,0.0017403030452310246,0.0017327119538423637,0.005511606623692686,0.009172294704901404,0.007277212972862526,0.0011758446456008084,0.01659512843343772,0.005464403099122257,0.009393542645902826,0.0,0.0012993305144467936,0.0021141649048625794,0.0,0.11175496981779026,0.01659512843343772,carrier,0.5888547617205101,0.13358879492600423
2020-03-17,7621,0.0017404064487642203,0.0024529991918047613,0.006300112459780478,0.008904590723702218,0.0063225155160838925,0.0009752116461588448,0.01663538239297448,0.004691339541053304,0.009423419457694182,0.0,0.0010497310064296024,0.0023618947644666053,0.0,0.07616418674363308,0.01663538239297448,carrier,0.5746491154176403,0.1346280015745965
2020-03-18,7665,0.0021967626204703675,0.0022320525759069536,0.0044562290488212985,0.007660958829010689,0.006605918494324845,0.0016927182373295212,0.017917513115408422,0.004734062422016714,0.008664544044712242,0.0,0.0009349858664927158,0.002478799739073712,0.0,0.049549294836695505,0.017917513115408422,carrier,0.5638661123562031,0.14742335290280495
2020-03-19,7608,0.0026768451622727844,0.00307200000967146,0.005680309560025674,0.008489112498062942,0.00668121878134836,0.0023241167610498796,0.018759582003408954,0.007282232489988768,0.008892445213154755,0.0,0.0009638976515948125,0.002103049421661409,0.0,0.032971169250993845,0.018759582003408954,carrier,0.5601759501378569,0.1733701366982124
2020-03-20,7614,0.0035472893213055363,0.003805938750445152,0.007137409341765684,0.010398354341248908,0.008193097853415588,0.002699658783621878,0.018007734241391456,0.008424127037804941,0.008164408158990449,0.0,0.0008318010682076876,0.0024954032046230626,0.0,0.038709783172539675,0.018007734241391456,carrier,0.5205985335231185,0.18006304176516943
2020-03-21,7596,0.00492300691872542,0.004173194342906261,0.007153495460194453,0.01000994134858816,0.007414229198238087,0.0027823633450409944,0.01984168504546074,0.010613965600634885,0.005584600090345004,0.0,0.0007460066701772863,0.0026329647182727752,0.0,0.03647057292663404,0.01984168504546074,carrier,0.49811760374761244,0.2040547656661401
2020-03-22,7614,0.005601602448376194,0.0055004005094411584,0.0077722675299544556,0.009179456322378553,0.00943764638582179,0.003119333867491885,0.019748290302035246,0.011832386059622214,0.007147751989517608,0.0,0.0007223535592329919,0.0024954032046230626,0.0,0.040426334637400335,0.019748290302035246,carrier,0.4578997962884125,0.23653795639611241
2020-03-23,7619,0.004318324163098993,0.004917564827338994,0.004996513706581327,0.007312450452130333,0.0074269609919616255,0.0028095879998853387,0.02140124922029734,0.011233006751032936,0.0060066415103891616,0.0,0.0007218795117469485,0.0032812705079406745,0.0,0.040564834000020554,0.02140124922029734,carrier,0.4423106692777353,0.28625803911274444
2020-03-24,7607,0.004640987704838467,0.004480216155360565,0.0047887084385998015,0.006897577927244629,0.006202421090808895,0.003677240768802656,0.021475024207087544,0.010680929775887698,0.005548541713182136,0.0,0.0007230182726436177,0.002629157355067701,0.0,0.07911247502569399,0.021475024207087544,carrier,0.4585848370468288,0.33074799526751675
2020-03-25,7534,0.0052136779281644376,0.00422144821802009,0.005550246964437842,0.007937030960224613,0.004415123883081725,0.003798132711214167,0.020597758426057117,0.009044279896600628,0.006134360959251121,0.0,0.0007521458278028493,0.002389169100079639,0.0,0.07044727908551603,0.020597758426057117,carrier,0.4869945404286391,0.3740376957791346
2020-03-26,7430,0.00530587753931837,0.0033034479499583097,0.0062580982629337045,0.007702991055282942,0.004482499387086327,0.004678505057371299,0.02128866664405368,0.007639959597527637,0.007483705395539777,0.0,0.0005607895917451772,0.0024226110363391655,0.0,0.07128116453580471,0.02128866664405368,carrier,0.4911474579640411,0.40672947510094215
2020-03-27,7309,0.004555066755017258,0.003263639832175093,0.005579832641916379,0.006924840199873374,0.0044482189842871365,0.003932988972556246,0.019109307607872876,0.00856531802644102,0.007677319443648546,0.0,0.0005928763624754868,0.0021890819537556437,0.0,0.06976602303672845,0.019109307607872876,carrier,0.49342776923130616,0.44274182514707894
2020-03-28,7295,0.0038904497686337498,0.0026029755546380894,0.0042356308922018955,0.007142513101644721,0.005322021791526892,0.0038374852855004513,0.01834152983055469,0.009135676013823348,0.008101228933098791,0.0,0.0006397075622572539,0.00205620287868403,0.0,0.07003906285851,0.01834152983055469,carrier,0.4775576769786972,0.46401644962302946
2020-03-29,7234,0.003337202362610726,0.002260620749444438,0.005006226367917586,0.007132153502506139,0.003797329788871737,0.00491147298392655,0.019516933006898295,0.01052485544463557,0.007884983523611399,0.0,0.000552944429084877,0.0024882499308819463,0.0,0.07284574045773715,0.019516933006898295,carrier,0.4768587084855047,0.489908764169201
2020-03-30,7213,0.004062257530466936,0.0018979441703486592,0.00708274455309562,0.008581370488204123,0.0040971951328567496,0.007248610384925361,0.01800815765964197,0.00891513739249734,0.007345673993980329,0.0,0.0004852349923748787,0.0019409399694995148,0.0,0.07065767745044729,0.01800815765964197,carrier,0.4775466391460358,0.5117149591016221
2020-03-31,7107,0.002818974177120963,0.0009736410541680632,0.008722758335094513,0.008662262767564839,0.0069162277421885255,0.0077751505297406365,0.019418993216581044,0.00970125725765143,0.008887733327509124,0.0,0.0004690211528539937,0.002110595187842972,0.0,0.07291073549471384,0.019418993216581044,carrier,0.4767317644722471,0.527648796960743
2020-04-01,6899,0.0028729023608666158,0.0010735588176460846,0.010027112610974078,0.009541208280338024,0.010874416082085451,0.01075849655965824,0.021662227603724202,0.01194782608582874,0.009974200789933491,0.0,0.00041068753925689713,0.0020292796057399622,0.0,0.1295547319500212,0.021662227603724202,carrier,0.4797707560270065,0.5273228004058559
2020-04-02,6725,0.0022712549272473643,0.0006742345493321324,0.010625692486041968,0.007828231296940371,0.01726943346807983,0.014830473181443113,0.024065150925832043,0.013765826396168721,0.010459991555434202,0.0,0.0004956629491945477,0.0020817843866171005,0.0,0.18224679348173528,0.024065150925832043,carrier,0.47711817755540853,0.5253531598513012
2020-04-03,6495,0.00191957838887069,0.0009545898700795445,0.011164800413758287,0.006792645061185675,0.023247171129461716,0.023574632043715873,0.030323000474639022,0.015763284119911954,0.01310996211306447,0.0,0.00041057223505260455,0.002155504234026174,0.0,0.1805322784764251,0.030323000474639022,carrier,0.47941345416320164,0.5202463433410316
2020-04-04,6243,0.002408106122091502,0.0006082453215725981,0.011621826623810824,0.006138044560979318,0.029873075971302177,0.023450619539146223,0.03688068776598316,0.01854755000039034,0.014563295679966892,0.0,0.00032035880185808104,0.002402691013935608,0.0,0.16988219883777,0.03688068776598316,carrier,0.47834793588302615,0.5162582091942977
2020-04-05,5952,0.0027073166134464794,0.001009563643419257,0.009914422723530495,0.005798987462306829,0.038554131061977505,0.03527021385597507,0.048485662036500954,0.021731436434266123,0.01783667299208459,0.0,0.0003360215053763441,0.0020161290322580645,0.0,0.14791282443118525,0.048485662036500954,carrier,0.4769491428140791,0.5129368279569892
2020-04-06,5603,0.003724568311760463,0.0010364216141965565,0.011125921051484603,0.007212410098736538,0.052436999241684275,0.04512468218039367,0.07028128983948541,0.02832409893182638,0.025911125919221914,0.0,0.0002677137247902909,0.0016062823487417454,0.0,0.12093764238097847,0.07028128983948541,carrier,0.48981418257179127,0.507049794752811
2020-04-07,5294,0.003581030870537464,0.0015795546427069256,0.01116705612027646,0.009082789661068224,0.06373557151924435,0.06749905921063684,0.09227655579316965,0.03957040396792746,0.028506477274814587,0.0,0.00022037526759853922,0.0017000377786173025,0.0,0.11294712301372815,0.09227655579316965,carrier,0.49554677018810833,0.4994333207404609
2020-04-08,5027,0.004585994709341493,0.001957786042817835,0.011190152353962729,0.009782248297674594,0.08378682842780315,0.07504128647208386,0.10686707332694778,0.04226267780736289,0.03264705373954925,0.0,0.00023208010078907233,0.0023871096081161725,0.0,0.12154928625683856,0.10686707332694778,carrier,0.5005926742049001,0.49532524368410585
2020-04-09,4786,0.004797896060542373,0.0033606424109923457,0.011599780761615747,0.011212294769115758,0.110979585473515,0.09214455671419834,0.11625660132445824,0.04297612756101847,0.0332936234918165,0.0,0.00010447137484329294,0.002089427496865859,0.0,0.10916429806230074,0.11625660132445824,carrier,0.5154622933161738,0.481821980777267
2020-04-10,4648,0.004959885998820222,0.0027726081609066853,0.015966892559333777,0.014391685367259332,0.1544890102899986,0.11320901203874675,0.13844765044173538,0.04887653791327979,0.03827830288800524,0.0,7.171543316121629e-05,0.0023666092943201377,0.0,0.10981207279048996,0.1544890102899986,origin_hour_load,0.5154265913470639,0.4709552495697074
2020-04-11,4524,0.0031738931477059765,0.0025830450636733903,0.01501455562294241,0.014447147868213763,0.17802098243863834,0.13624715790003236,0.14826395659891883,0.05373828110714049,0.044202017298867406,0.0,3.684055408193339e-05,0.002431476569407604,0.0,0.10271580720066226,0.17802098243863834,origin_hour_load,0.5292473279400505,0.47038019451812557
2020-04-12,4307,0.001848995500383592,0.002536117249772294,0.014901472918895502,0.014811257017435884,0.21933693424403825,0.16821569585888563,0.17096903376440792,0.06216541073851682,0.052427774917027936,0.0,3.869669530222119e-05,0.0023218017181332712,0.0,0.09838116502642055,0.21933693424403825,origin_hour_load,0.52488959777785,0.4601811005340144
2020-04-13,4125,0.0032904057004984723,0.0033164413058651555,0.01930738552011343,0.016683950265976882,0.2966473776127671,0.23269680360348816,0.2040535828711752,0.07874061318765199,0.06372387121990841,0.0,4.0404040404040405e-05,0.0024242424242424242,0.0,0.10482012277946534,0.2966473776127671,origin_hour_load,0.5141383449138152,0.44072727272727275
2020-04-14,3880,0.0032427131902968576,0.004521036757439164,0.02145638372928704,0.019213925242067414,0.34797440590686024,0.2572164326317765,0.23597799060799526,0.08688413432447066,0.08010486689104737,0.0,4.29553264604811e-05,0.0023195876288659794,0.0,0.11102409400089115,0.34797440590686024,origin_hour_load,0.5154138357775395,0.4229381443298969
2020-04-15,3777,0.00330966167197453,0.00494952837474586,0.020759432424974505,0.02112376545396103,0.39094561851348164,0.2777139370802336,0.22317885159772363,0.09177916639429128,0.07778977787473366,0.0,4.412673197422999e-05,0.0026476039184537992,0.0,0.11719260256581482,0.39094561851348164,origin_hour_load,0.51493204196747,0.4183214191157003
2020-04-16,3645,0.005221743899541702,0.006320888293490097,0.022468100322537363,0.02211703759669272,0.4068148452827354,0.3366811374978153,0.22062292885842136,0.08916496600551456,0.07844981848028473,0.0,4.5724737082761774e-05,0.003840877914951989,0.0,0.12106467408441932,0.4068148452827354,origin_hour_load,0.5129955692925248,0.42194787379972565
2020-04-17,3407,0.007320447101779411,0.007001952318091873,0.020511892450840938,0.023114476713968893,0.4530994839305269,0.4133995159501238,0.20683516173034744,0.09243993289132146,0.08288919778623374,0.0,0.0,0.0038156736131493983,0.0,0.140227221154761,0.4530994839305269,origin_hour_load,0.5202152707702657,0.4182565306721456
2020-04-18,3256,0.012017176764097096,0.008772346969235807,0.023931660112773773,0.028390779759893382,0.49795536622960984,0.4948196418309512,0.20730845875781814,0.08566365231347016,0.0875957528265927,0.0,0.0,0.0042997542997543,0.0,0.14072851009564208,0.49795536622960984,origin_hour_load,0.5185030395136778,0.40417690417690416
2020-04-19,3136,0.01835652029135165,0.012029846346307035,0.024607959070450783,0.032186949393975525,0.5220380258627162,0.5497045440312166,0.20682193320383288,0.08036116542833721,0.09352001385152588,0.0,5.314625850340136e-05,0.00510204081632653,0.0,0.14995246084575892,0.5497045440312166,dest_hour_load,0.5370880233217264,0.40561224489795916
2020-04-20,2991,0.013457418512785469,0.012949572867722728,0.02800884680256903,0.036554629420334245,0.583316145846444,0.6387008732692208,0.21235541339188418,0.0946979550510511,0.10928023727240267,0.0,0.00011144544745347152,0.006352390504847877,0.0,0.17690422316029372,0.6387008732692208,dest_hour_load,0.5424428193240909,0.40521564694082246
2020-04-21,2954,0.014777138032694332,0.011924174331983416,0.023212468117150088,0.03322245971394455,0.6507821955266744,0.8304819176594865,0.22319970658071203,0.09024131387309764,0.10476985872012741,0.0,0.00011284134506883322,0.006431956668923494,0.0,0.1677279721606238,0.8304819176594865,dest_hour_load,0.5486573696453386,0.4150304671631686
2020-04-22,2889,0.019221383711840154,0.015864006967275447,0.02670017401196497,0.03916156560918611,0.6317672127578202,0.8338967063927338,0.22926189112589454,0.09327135897516282,0.11957136141440153,0.0,0.00023076035537094726,0.005538248528902735,0.0,0.1796119546423474,0.8338967063927338,dest_hour_load,0.5517779740952726,0.41986846659743854
2020-04-23,2820,0.014439962926501897,0.012522121853506143,0.025569315391288955,0.03983800649629603,0.9683933730139579,0.8316653184211854,0.24654901409272598,0.1207606532688563,0.13096923432674742,0.0,0.00023640661938534278,0.004609929078014184,0.0,0.1776757782383242,0.9683933730139579,origin_hour_load,0.550420534455589,0.41205673758865247
2020-04-24,2772,0.01598407548282502,0.01649806760604461,0.025686168841810637,0.036823457476479235,0.962759766287616,0.8511144354137161,0.267901936329359,0.1332154269691705,0.14376595291120015,0.0,0.00030062530062530064,0.005411255411255411,0.0,0.18067333673862618,0.962759766287616,origin_hour_load,0.5441902748528102,0.4101731601731602
2020-04-25,2727,0.013541335662466753,0.017451384665360118,0.0215668105174606,0.0346490775128305,0.9531455585133701,0.9925423888010629,0.2863629485776596,0.13960119658121425,0.14545282755533467,0.0,0.0003667033370003667,0.005133846718005134,0.0,0.17565367755523237,0.9925423888010629,dest_hour_load,0.5387408208850267,0.4154748808214155
2020-04-26,2684,0.012947338455636753,0.016940064199673505,0.02231606330960447,0.03140149850808659,0.9766697197862134,0.9949955352524628,0.29132711836285496,0.13827281388323218,0.1402407500533731,0.0,0.00031048186785891704,0.004470938897168405,0.0,0.17909637157929273,0.9949955352524628,dest_hour_load,0.5416830219347921,0.40424739195230996
2020-04-27,2700,0.01285346019342087,0.01683260543361996,0.017150481358060646,0.025705237389470677,0.9778464339225115,1.0163528356506049,0.2918525222021317,0.13159862697335795,0.13226548467478264,0.0,0.00037037037037037035,0.0033333333333333335,0.0,0.2479286431821256,1.0163528356506049,dest_hour_load,0.5368966045116286,0.40074074074074073
2020-04-28,2693,0.016155642437077455,0.01617291572078533,0.026692032369189413,0.03247629454489852,0.9749512956406845,1.0014320186102714,0.2853547609917371,0.1357205704049592,0.13639739708577667,0.0,0.00043322193340759993,0.004827330115113257,0.0,0.3407613296237614,1.0014320186102714,dest_hour_load,0.5360017230693088,0.40363906424062385
2020-04-29,2656,0.012665028148857276,0.0116358335367554,0.02544347263606249,0.02790762742039157,1.0030344607985502,1.0217858080298166,0.2865950372561364,0.13474702058459223,0.13320322416348923,0.0,0.0003137550200803213,0.004894578313253012,0.0,0.32544874157090153,1.0217858080298166,dest_hour_load,0.5394620455192253,0.3979668674698795
2020-04-30,2720,0.012078513622800498,0.011990383995101255,0.026114899259765328,0.027801199908243736,0.9999809697289079,1.0350892849401865,0.2726143205057589,0.12823651998438093,0.13278967786841064,0.0,0.00030637254901960784,0.0058823529411764705,0.0,0.2842170119400879,1.0350892849401865,dest_hour_load,0.5350856011875309,0.3952205882352941
2020-05-01,2731,0.011495094957443228,0.008976905192501876,0.02717413863968264,0.028854557165596734,1.0230983293128397,1.0314703826550304,0.28735574391950003,0.13011109186999842,0.14850879648184412,0.0,0.00030513853289393383,0.004760161113145368,0.0,0.2764003668461884,1.0314703826550304,dest_hour_load,0.5417051197539002,0.3903332112779202
2020-05-02,2665,0.012447560365045882,0.007466170064428231,0.02682191177658462,0.031690044130436364,1.048528658424776,1.03992094191632,0.3117674151067337,0.1338780299890518,0.14998143969367853,0.0,0.00031269543464665416,0.006378986866791745,0.0,0.2872238998919884,1.048528658424776,origin_hour_load,0.5462935598695822,0.3789868667917448
2020-05-03,2608,0.013571213669338134,0.010424867829321713,0.02363277755670438,0.03211456208318983,1.0533264026914582,1.0536435098956516,0.294766490812877,0.14512816351984434,0.15595627755919367,0.0,0.00031952965235173826,0.006134969325153374,0.0,0.2668002524173652,1.0536435098956516,dest_hour_load,0.5409327846895131,0.3523773006134969
2020-05-04,2493,0.015303525340738068,0.012285560636289779,0.025377180285412193,0.035204691172727225,0.7470241317129412,0.7983597942946966,0.2714627844842542,0.14694046164655397,0.1687321873632604,0.0,0.00026741542987030354,0.007220216606498195,0.0,0.2453338686159152,0.7983597942946966,dest_hour_load,0.551318201358952,0.31448054552747695
2020-05-05,2357,0.017675452081427824,0.016054133092179162,0.022351305851163794,0.029810170916956997,0.7092482024962421,0.768571437452954,0.2631634993135909,0.14543816289433115,0.17065081744282373,0.0,0.00035355678121906376,0.007636826474331778,0.0,0.23185939409133355,0.768571437452954,dest_hour_load,0.5736674455112993,0.27025880356385235
2020-05-06,2254,0.021754180531885478,0.021504085770951933,0.027316227941889985,0.035429984548707286,0.7089975228002097,0.6897678216484867,0.2552852934286761,0.14568756667203014,0.18868783893102678,0.0,0.0003697131026323573,0.008873114463176575,0.0,0.22172771720165343,0.7089975228002097,origin_hour_load,0.5639780256053568,0.2267080745341615
2020-05-07,2094,0.03968540790839828,0.03978109591505977,0.024969429883045405,0.035913383092154694,0.5970735830998263,0.6151495000531442,0.2562869211554315,0.15437774712461072,0.18394600299470304,0.0,0.0003979624323463865,0.009073543457497613,0.0,0.23744623235979473,0.6151495000531442,dest_hour_load,0.5452625752311984,0.18242597898758356
2020-05-08,1987,0.06505106138556688,0.06555070613473737,0.02994296458873205,0.038210607071059666,0.5992294847077047,0.5562084678521226,0.22351453406124402,0.14539487704729237,0.1665816598053973,0.0,0.0004193927193423922,0.009562154001006542,0.0,0.2772086079794136,0.5992294847077047,origin_hour_load,0.5066196631414023,0.14343231001509812
2020-05-09,1954,0.08472634011254854,0.0780252844602432,0.03570565906982293,0.045205440150980075,0.6189105951594949,0.5205854613701445,0.21204259557538954,0.14291282045589426,0.16102926774024184,0.0,0.000341180484476288,0.007676560900716479,0.0,0.25281490086903635,0.6189105951594949,origin_hour_load,0.5237752443634797,0.1218014329580348
2020-05-10,1956,0.10083127258210797,0.08922371703388557,0.03810150964237795,0.048321381192223775,0.609255508767223,0.5155776443761568,0.222458569543258,0.1377581161418218,0.15666123767243165,0.0,0.00034083162917518747,0.009202453987730062,0.0,0.2298660677546944,0.609255508767223,origin_hour_load,0.5162620817089019,0.1165644171779141
2020-05-11,1965,0.10213349225217638,0.10020655648574153,0.040648319390364326,0.05092415682585502,0.6308860400862704,0.534137124819927,0.20204309358749123,0.1291211710975149,0.13862643369544128,0.0,0.00033927056827820186,0.00916030534351145,0.0,0.04952227007422673,0.6308860400862704,origin_hour_load,0.5025969079960481,0.10483460559796437
2020-05-12,1968,0.10507455373866365,0.1171691165654481,0.032710691179652605,0.047175512557576474,0.6664854807110532,0.5162042531411225,0.19708423663740862,0.13535272253353112,0.13860793518650869,0.0,0.00016937669376693767,0.008638211382113821,0.0,0.015881855378449945,0.6664854807110532,origin_hour_load,0.4812750058423221,0.10213414634146341
2020-05-13,1978,0.12112067479232103,0.1296414179102716,0.02534595647124887,0.042445170910355295,0.6455972241893296,0.5309740565147378,0.212969675377014,0.14557893619482667,0.1206040570852847,0.0,0.00042130097741826763,0.008088978766430738,0.0,0.00900237249761872,0.6455972241893296,origin_hour_load,0.48487519101974175,0.1006066734074823
2020-05-14,2014,0.12963016684579548,0.1228219896224055,0.021438393211770008,0.03465467028088381,0.6057033914032067,0.5301232118959044,0.20776474321799368,0.14685954467168988,0.11273240439852542,0.0,0.0007447864945382324,0.006454816285998014,0.0,0.015038298232528748,0.6057033914032067,origin_hour_load,0.49602957164601,0.09384309831181728
2020-05-15,2049,0.1317002829335295,0.12567682469984098,0.02133354876894128,0.036843358956249336,0.5335938141385286,0.551934176493518,0.205495077006435,0.15037259883496584,0.10982706584548577,0.0,0.0006507239303725395,0.00634455832113226,0.0,0.03268008209750607,0.551934176493518,dest_hour_load,0.5244328530187954,0.08394338701805759
2020-05-16,2048,0.11739200993926169,0.1180818084452222,0.02161707868886141,0.0361573362024209,0.5091447518637602,0.5629929116853978,0.1973184842464522,0.15178841402956217,0.11338831627822196,0.0,0.0008138020833333334,0.00634765625,0.0,0.052346986186219614,0.5629929116853978,dest_hour_load,0.5452882746634241,0.07666015625
2020-05-17,2035,0.12294991409814171,0.12239984491066286,0.024014136305423584,0.03996136528074208,0.5161642165829974,0.5378684736822853,0.21074956771274833,0.15943300683490622,0.11424727096778642,0.0,0.000819000819000819,0.004914004914004914,0.0,0.10053013960180868,0.5378684736822853,dest_hour_load,0.5487174678585569,0.07518427518427519
2020-05-18,2026,0.15431888908210836,0.12266195041569761,0.022566491655953622,0.036919976068066566,0.5282449012252372,0.5399915685525505,0.23679305439899576,0.1689758416208982,0.12404198229858932,0.0,0.0011516946363935505,0.005923000987166831,0.0,0.08376930928754661,0.5399915685525505,dest_hour_load,0.5575310207100088,0.07749259624876605
2020-05-19,2008,0.13667408936855335,0.10749696867984818,0.025588915106406214,0.03628950308529682,0.524408198564063,0.5214761491625789,0.2498059002536764,0.176679931299437,0.13666326209937213,0.0,0.0011620185922974768,0.004482071713147411,0.0,0.07982736121921458,0.524408198564063,origin_hour_load,0.5553793206643723,0.08117529880478087
2020-05-20,1999,0.13193796622273907,0.11185011356726927,0.026579665834539832,0.039718734883104845,0.5309284479792986,0.5156406695873719,0.24732718675501683,0.1679312670083284,0.13942582341922077,0.0,0.0009171252292813073,0.005502751375687844,0.0,0.0615776386384442,0.5309284479792986,origin_hour_load,0.5497764770205512,0.08504252126063032
2020-05-21,1989,0.11042292135223603,0.10340651010951331,0.02703197619933456,0.03966265167367314,0.5376133023474245,0.4998992807871532,0.2575713722647653,0.17393684459476066,0.14095052718801435,0.0,0.0006703536115300822,0.006033182503770739,0.0,0.04879563886282789,0.5376133023474245,origin_hour_load,0.5575827606478947,0.08144796380090498
2020-05-22,1979,0.10440775501036798,0.10245367387907536,0.02189431714394578,0.03386377067462834,0.5447018062416047,0.4838311530620384,0.2536762399636827,0.16701272716179827,0.14138429791790202,0.0,0.0007579585649317837,0.007074279939363315,0.0,0.04382385162989026,0.5447018062416047,origin_hour_load,0.5555161651339159,0.07983830217281455
2020-05-23,2026,0.10805436661198303,0.10602725770654807,0.02613841832610271,0.038854352582602794,0.5577717909567849,0.4973427702184243,0.26046871160269836,0.16529788401288814,0.12738019033239117,0.0,0.0005758473181967752,0.006910167818361303,0.0,0.03484879603405286,0.5577717909567849,origin_hour_load,0.5732251586993133,0.08193484698914116
2020-05-24,2048,0.10915263025195855,0.10717218031568572,0.02402856527165506,0.03483591511092103,0.5498343942891218,0.5124199767049278,0.23472399957186785,0.1532668180401416,0.11960518855363979,0.0,0.0006510416666666666,0.00732421875,0.0,0.06354470683560208,0.5498343942891218,origin_hour_load,0.5925914799014601,0.0869140625
2020-05-25,2056,0.09027360350540645,0.10553179269561497,0.020372906590481264,0.03264676462733756,0.5291725060105956,0.5054966991991908,0.22580206531033975,0.1507477615002462,0.10692159606806201,0.0,0.00032425421530479895,0.0048638132295719845,0.0,0.06123831212047326,0.5291725060105956,origin_hour_load,0.6000769540840631,0.08463035019455253
2020-05-26,2089,0.09585202933024387,0.11401544406166389,0.02035240813586379,0.037339182689324284,0.5462165882976344,0.5209626244408172,0.2191257187664527,0.12656557595322612,0.11576649068926652,0.0,0.0005584809318653263,0.005265677357587362,0.0,0.06550557424859749,0.5462165882976344,origin_hour_load,0.6185514137111274,0.08281474389660125
2020-05-27,2100,0.10310033506352793,0.10768367659439093,0.02351383191444736,0.03817855698928003,0.5314367720517927,0.5269803143011751,0.21855969385894772,0.12492398802954137,0.11899256177129161,0.0,0.0005555555555555556,0.004285714285714286,0.0,0.05244152230142934,0.5314367720517927,origin_hour_load,0.6177230140053059,0.08428571428571428
2020-05-28,2054,0.11267480514806377,0.11343694303062296,0.02360263102157557,0.0353991364798506,0.5375964396744323,0.5414914762876809,0.2115107686499791,0.12027993529614621,0.11685447626617287,0.0,0.0004868549172346641,0.004381694255111977,0.0,0.021765268589141355,0.5414914762876809,dest_hour_load,0.6131002847887997,0.08325219084712755
2020-05-29,2055,0.09342578739326414,0.10127639204304949,0.02723018052871261,0.04229829322143556,0.5734785497641546,0.5508325261886602,0.2180021104760244,0.11801203538605101,0.11212384058366802,0.0,0.00040551500405515005,0.0038929440389294406,0.0,0.023530228756874196,0.5734785497641546,origin_hour_load,0.6147323794382619,0.08175182481751825
2020-05-30,2021,0.10172727118311306,0.09827454124562138,0.026962666972372873,0.04240856567716138,0.5660071344736018,0.5520534393820633,0.22226848219152515,0.10910989641810306,0.11899995788150164,0.0,0.0004948045522018803,0.0039584364176150424,0.0,0.021217292720875015,0.5660071344736018,origin_hour_load,0.613445985888035,0.0851063829787234
2020-05-31,1994,0.10094759244287124,0.09460712350360335,0.03066588627128723,0.04420538054093825,0.5622420154934206,0.5449895108531911,0.23733183645479122,0.11615955236721395,0.12420995495280536,0.0,0.0005015045135406219,0.004012036108324975,0.0,0.016982048993163166,0.5622420154934206,origin_hour_load,0.6283864146953878,0.08074222668004012
2020-06-01,1973,0.1151939881303386,0.09838790422397947,0.029945368660112992,0.047085064202704016,0.5631050888148598,0.5392061567668883,0.22935422637411676,0.12039672052558634,0.12773192467453331,0.0,0.0005068423720223011,0.0040547389761784085,0.0,0.025255351873952024,0.5631050888148598,origin_hour_load,0.6147854406408793,0.07653319817536747
2020-06-02,1960,0.12781240722072243,0.10108510126805481,0.029539048428839962,0.04410383624700781,0.5260626400901017,0.5113677496659133,0.22472699943575877,0.12974579470918465,0.10382450236018803,0.0,0.00025510204081632655,0.004081632653061225,0.0,0.03045888591232907,0.5260626400901017,origin_hour_load,0.5988971488007832,0.07346938775510205
2020-06-03,1992,0.12378700647979214,0.10333849449708629,0.021736173311728696,0.03420520508696959,0.5096570421495592,0.5173716038575712,0.20806757205876908,0.12574803256403208,0.09416938116463779,0.0,0.000251004016064257,0.0035140562248995983,0.0,0.036983879922605684,0.5173716038575712,dest_hour_load,0.591433970996606,0.07028112449799197
2020-06-04,2033,0.11488474243954686,0.11060613219149484,0.02338772478709518,0.035220526676444965,0.4952869098582988,0.4987694570981641,0.18484245786888628,0.12311462544729826,0.09385878590282243,0.0,0.00024594195769798326,0.002951303492375799,0.0,0.0689399612370656,0.4987694570981641,dest_hour_load,0.5734526707518397,0.07476635514018691
2020-06-05,2112,0.1380275681259011,0.11803528924150188,0.019470716777982698,0.03282315300917556,0.46223147864811354,0.4702711363842197,0.16948357882541068,0.1016233028683122,0.08592650468214327,0.0,0.00023674242424242425,0.002840909090909091,0.0,0.03965921865690355,0.4702711363842197,dest_hour_load,0.5619860495175273,0.07623106060606061
2020-06-06,2172,0.12783882838000868,0.12238997918784714,0.016720373726174607,0.029216418620497155,0.4418301511386489,0.4416667685713826,0.16574081953244302,0.09178625901874357,0.08414071022001252,0.0,0.00046040515653775324,0.0032228360957642726,0.0,0.04326117346682261,0.4418301511386489,origin_hour_load,0.5732299799729431,0.07320441988950276
2020-06-07,2253,0.13015883034335135,0.1291162851467289,0.015267233357673396,0.03155292844545323,0.41023583471966407,0.4157248183981597,0.15221747604195038,0.08107652114878595,0.07909942375831316,0.0,0.00036987720076934457,0.0031069684864624943,0.0,0.04024056964125807,0.4157248183981597,dest_hour_load,0.5301896482153994,0.0692410119840213
2020-06-08,2335,0.11759220571686285,0.11872822121762526,0.017556301897627427,0.035732069872410115,0.4091789619014027,0.37152021479646463,0.1711744712271766,0.08117034966458336,0.0884034525369885,0.0,0.00035688793718772306,0.003426124197002141,0.0,0.049236971111071615,0.4091789619014027,origin_hour_load,0.5279795096026932,0.06766595289079229
2020-06-09,2401,0.1006512585778577,0.10935652281953799,0.017272163009846752,0.03785070317063819,0.39510692563592015,0.3534403083217283,0.1807438998322579,0.07882063069529839,0.09930261725881959,0.0,0.0003470776065528252,0.003331945022907122,0.0,0.0525719737296037,0.39510692563592015,origin_hour_load,0.551918158567775,0.07080383173677635
2020-06-10,2436,0.10353563534581303,0.10765682579210058,0.020450622544831216,0.03974312857924113,0.40289019904344325,0.3344002703979944,0.17620252801621342,0.08071798155005072,0.08732672972013111,0.0,0.00041050903119868636,0.003284072249589491,0.0,0.06166960176622713,0.40289019904344325,origin_hour_load,0.5691578933322659,0.06773399014778325
2020-06-11,2494,0.10303589139605035,0.101244037353469,0.022999711665948098,0.03967464432051674,0.3880734314492044,0.31865897969908774,0.17423297382051617,0.07345682719930349,0.08806678674334664,0.0,0.00040096230954290296,0.0036086607858861267,0.0,0.05824504965921441,0.3880734314492044,origin_hour_load,0.598431763734332,0.06295108259823577
2020-06-12,2551,0.0963707012600104,0.10625601252444418,0.01957576785167255,0.03357001132814202,0.3815405417255289,0.32496166102940416,0.17391244350062982,0.07645686117455759,0.09676302216953414,0.0,0.0005226708480334509,0.0031360250882007056,0.0,0.046157779179771534,0.3815405417255289,origin_hour_load,0.5994399267596532,0.06076048608388867
2020-06-13,2574,0.1023420749611647,0.10911359047501593,0.018773947589579454,0.03494540460034351,0.36790207738316644,0.3262147753639323,0.17018299550111324,0.08213047253718163,0.09122212448294326,0.0,0.000259000259000259,0.0027195027195027195,0.0,0.033447348275095413,0.36790207738316644,origin_hour_load,0.5791709144976535,0.058663558663558664
2020-06-14,2593,0.10299285770856938,0.10722856013296747,0.0171485219737902,0.028437125035029744,0.355135244679823,0.3260690515256665,0.17531549767859944,0.08733992342412657,0.09316669542021533,0.0,0.0002571024553284484,0.0023139220979560356,0.0,0.029457066510976026,0.355135244679823,origin_hour_load,0.5910821864809594,0.05707674508291554
2020-06-15,2606,0.10851356083773478,0.11255057354994251,0.01616444635770258,0.02387923081602491,0.3627925381838051,0.34476156220496523,0.16455673454532954,0.08275444151315361,0.08668108457648346,0.0,0.0001918649270913277,0.0023023791250959325,0.0,0.02378375826116354,0.3627925381838051,origin_hour_load,0.6169485189013261,0.056792018419033
2020-06-16,2645,0.1178593648111623,0.11547235667604928,0.015610023908611086,0.020046218023187123,0.37088539131908815,0.3362394565302851,0.15323901104594453,0.08188324804617017,0.0746983589506124,0.0,0.0001890359168241966,0.001890359168241966,0.0,0.02361263890910884,0.37088539131908815,origin_hour_load,0.5900581436241297,0.05141776937618148
2020-06-17,2633,0.10999252057303446,0.11110927661732553,0.01771657624840908,0.019733539103861546,0.37143099130700624,0.3323935382938832,0.16529121394645832,0.08217116406711583,0.08581154815595018,0.0,0.000126598303582732,0.0015191796429927839,0.0,0.023275798216213544,0.37143099130700624,origin_hour_load,0.5917023525828242,0.05089251804025826
2020-06-18,2678,0.11422930491418214,0.11257120878424849,0.016552969804213752,0.021188553114189455,0.36026224106718024,0.34981570017172714,0.16870310399931013,0.07510095971719914,0.07427082863563912,0.0,0.00012447099825740602,0.0014936519790888724,0.0,0.02767929153470272,0.36026224106718024,origin_hour_load,0.5717465305053678,0.04929051530993279
2020-06-19,2614,0.11681499439260257,0.11193785496427706,0.01996632798685768,0.0242789159862149,0.38101827955355694,0.3235950035625078,0.16902709556068296,0.08257260097637613,0.07504401132013477,0.0,0.0,0.001530221882172915,0.0,0.031134322508584115,0.38101827955355694,origin_hour_load,0.590872523567183,0.05241009946442234
2020-06-20,2620,0.11409662156896577,0.09093781988032368,0.020925858638775562,0.023637943664996212,0.3822343266867919,0.3230129901453962,0.1697941406015711,0.08294163891428867,0.0770153483110231,0.0,0.0001272264631043257,0.0022900763358778627,0.0,0.04324507799135464,0.3822343266867919,origin_hour_load,0.6191690226171244,0.0549618320610687
2020-06-21,2623,0.11209677449728567,0.08994839305338378,0.019303288609322435,0.024688959273372224,0.391352041863721,0.31159269387124966,0.16594563108853239,0.07977825778260063,0.07795923823889524,0.0,0.00012708095056551024,0.002668699961875715,0.0,0.05844613163409354,0.391352041863721,origin_hour_load,0.62390756302521,0.06671749904689286
2020-06-22,2670,0.11252884993800359,0.08500054160157701,0.019825105693391066,0.024688554207187387,0.3577243518928481,0.29131069011545124,0.1625195272436419,0.07618639843877334,0.07676183967427773,0.0,0.00012484394506866417,0.0022471910112359553,0.0,0.07700752411932824,0.3577243518928481,origin_hour_load,0.6447548026495395,0.0853932584269663
2020-06-23,2658,0.10525975629559275,0.07989353982030029,0.021052626509558463,0.023696995120230574,0.35800995178348566,0.297938054865147,0.1750946493875693,0.0768101457540639,0.07512260724090823,0.0,0.00012540757461750688,0.002257336343115124,0.0,0.08924761886166549,0.35800995178348566,origin_hour_load,0.6200011504359331,0.09518434913468773
2020-06-24,2683,0.10618946403478505,0.096166938565361,0.02559135225995162,0.02344594420625824,0.3611865430230251,0.2979119187742086,0.18919660293624116,0.0739562024045266,0.08290025306546729,0.0,0.00018635855385762206,0.002609019754006709,0.0,0.07396693654069944,0.3611865430230251,origin_hour_load,0.613141689605267,0.09765188222139397
2020-06-25,2681,0.1045801081041666,0.10087597027656747,0.0255576208051315,0.02557544635100216,0.365002103958293,0.28298070780033296,0.2013284067928233,0.09826784907276219,0.09728119659315682,0.0,0.0001864975755315181,0.0026109660574412533,0.0,0.07118709317699815,0.365002103958293,origin_hour_load,0.6116674996876171,0.09884371503170458
2020-06-26,2707,0.10701121715561383,0.09859651998851611,0.023557899677847167,0.025054117614489443,0.32327384139944104,0.29259236706432123,0.1975943458981955,0.09745002963270853,0.0970538858162014,0.0,0.0001847063169560399,0.002216475803472479,0.0,0.057169126259627154,0.32327384139944104,origin_hour_load,0.6290461717934549,0.09863317325452531
2020-06-27,2751,0.1081026450524889,0.1111730222851113,0.02254357118082958,0.022233033378059215,0.32156368494594034,0.2891706200681746,0.2077138311363266,0.10683538242752841,0.09498927721201945,0.0,0.00012116806009935781,0.0014540167211922936,0.0,0.047274007899399624,0.32156368494594034,origin_hour_load,0.6227664462943603,0.09778262450018176
2020-06-28,2822,0.10648445132350554,0.10344750822289506,0.02410177207044592,0.02411560835106127,0.32299659649422574,0.2979273842292537,0.22529385423210777,0.10574362218321705,0.1012456171498192,0.0,0.00011811953697141507,0.001417434443656981,0.0,0.04901442898826326,0.32299659649422574,origin_hour_load,0.6239859505168941,0.09390503189227498
2020-06-29,2831,0.1112337289064793,0.10262028546644802,0.022603305138643448,0.024221169202457878,0.3500326437189722,0.3051653288285503,0.22933397135235886,0.10751140084080048,0.10997290603148684,0.0,0.0001177440244907571,0.0017661603673613563,0.0,0.04985354672996486,0.3500326437189722,origin_hour_load,0.5905524707259209,0.08583539385376192
2020-06-30,2854,0.12043115631482042,0.11308390458619098,0.02820208904594226,0.03416458551262373,0.351523923496939,0.29460819506488,0.2304534967661765,0.10716790972116903,0.11871839944016374,0.0,0.000233590282644242,0.002102312543798178,0.0,0.04477108657886582,0.351523923496939,origin_hour_load,0.608109794135995,0.08023826208829712
